datetime,closePriceUsd,highPriceUsd,lowPriceUsd,openPriceUsd
2020-01-01 00:00:00+00:00,0.00203060136508,0.00205145493284,0.00202149258771,0.00202724009403
2020-01-02 00:00:00+00:00,0.00200864316636,0.00208058236792,0.00198692692535,0.00203427692466
2020-01-03 00:00:00+00:00,0.00213032662703,0.00217625640885,0.0019913821935,0.00201018594137
2020-01-04 00:00:00+00:00,0.00224000838726,0.00248289004735,0.00205002120909,0.00217706516115
2020-01-05 00:00:00+00:00,0.00244670657621,0.00247433945626,0.00211707651481,0.0022393052525
2020-01-06 00:00:00+00:00,0.00245157345428,0.00256042879403,0.00237966152059,0.00241955046898
2020-01-07 00:00:00+00:00,0.00243307456673,0.00249121658961,0.00235603080583,0.00249121658961
2020-01-08 00:00:00+00:00,0.00229289,0.00246517661897,0.00227187,0.00243937
2020-01-09 00:00:00+00:00,0.0022561,0.00231418192112,0.00214596,0.00228814824491
2020-01-10 00:00:00+00:00,0.00235572,0.00236057837885,0.00219906,0.00225392206744
2020-01-11 00:00:00+00:00,0.00231356,0.00237290394666,0.002296,0.00235167812538
2020-01-12 00:00:00+00:00,0.00238105993017,0.00241274,0.0023178257157,0.00232530677629
2020-01-13 00:00:00+00:00,0.00235775,0.00240629,0.00232788371151,0.00236317
2020-01-14 00:00:00+00:00,0.00246756594794,0.00251445194427,0.00234243371705,0.00235502
2020-01-15 00:00:00+00:00,0.00236867,0.00253293,0.00236477036715,0.00248212
2020-01-16 00:00:00+00:00,0.00234484,0.00239605218518,0.00229378985192,0.00239605218518
2020-01-17 00:00:00+00:00,0.0024899,0.00251345185634,0.00231051939805,0.00234448
2020-01-18 00:00:00+00:00,0.00251421155995,0.00253791978197,0.00245245438396,0.00248438
2020-01-19 00:00:00+00:00,0.00240504,0.00256602,0.00235925067246,0.00251385
2020-01-20 00:00:00+00:00,0.00237406,0.00242088700591,0.00235866691327,0.00238135
2020-01-21 00:00:00+00:00,0.0023760457732,0.00240267,0.00233502098449,0.00237833
2020-01-22 00:00:00+00:00,0.00232345,0.00239876,0.0023225694457,0.00237168
2020-01-23 00:00:00+00:00,0.00226764,0.00235598,0.00223912,0.00234087189888
2020-01-24 00:00:00+00:00,0.00227586,0.00229274,0.00221085,0.00227023088157
2020-01-25 00:00:00+00:00,0.00225734,0.00227516328076,0.0022356,0.0022749
2020-01-26 00:00:00+00:00,0.00230463,0.00230657886026,0.00223957765131,0.0022506295154
2020-01-27 00:00:00+00:00,0.00236767,0.0024128433484,0.00228261,0.00230454058063
2020-01-28 00:00:00+00:00,0.0024505937691,0.0024505937691,0.0023645,0.0023645
2020-01-29 00:00:00+00:00,0.00239121670529,0.00247008195244,0.0023897,0.00245385
2020-01-30 00:00:00+00:00,0.00244041,0.00244622,0.00237487165703,0.00239614
2020-01-31 00:00:00+00:00,0.00239357,0.00245625605166,0.00237169,0.00244097073651
2020-02-01 00:00:00+00:00,0.00242204,0.00242915933599,0.00238254,0.00238964758468
2020-02-02 00:00:00+00:00,0.00246848,0.00250594,0.00239462,0.00242133082161
2020-02-03 00:00:00+00:00,0.0024384521317,0.00251593836465,0.00242999650897,0.00246585257778
2020-02-04 00:00:00+00:00,0.00250280464384,0.0025033,0.0024025080376,0.00242798
2020-02-05 00:00:00+00:00,0.0025829508207,0.00262959312884,0.00249220847789,0.00249695
2020-02-06 00:00:00+00:00,0.00265309,0.00266898565672,0.00257390284834,0.00259484
2020-02-07 00:00:00+00:00,0.00276873,0.00276873283406,0.00264759,0.00265419846245
2020-02-08 00:00:00+00:00,0.0031586,0.00320683,0.00272296,0.00277008
2020-02-09 00:00:00+00:00,0.00323226,0.0035287,0.0031521,0.00315401737294
2020-02-10 00:00:00+00:00,0.00298631,0.00330103478005,0.00292381,0.0032320150758
2020-02-11 00:00:00+00:00,0.00304072,0.00306638,0.00286573,0.00301079
2020-02-12 00:00:00+00:00,0.00306355192466,0.00317006767151,0.00301543,0.00301543
2020-02-13 00:00:00+00:00,0.00299921813851,0.00320961,0.00297391322811,0.00306663
2020-02-14 00:00:00+00:00,0.00312985,0.00314475,0.00298117658947,0.00302469
2020-02-15 00:00:00+00:00,0.00291957,0.00317748,0.0028387425516,0.00313332
2020-02-16 00:00:00+00:00,0.00277434,0.00296456,0.00262581,0.00289732293539
2020-02-17 00:00:00+00:00,0.00271231,0.0027681,0.00255348,0.00276647403952
2020-02-18 00:00:00+00:00,0.0028393,0.00284587764345,0.00265513406127,0.00267917930978
2020-02-19 00:00:00+00:00,0.00262408,0.00287394256829,0.00262407597413,0.00284058886262
2020-02-20 00:00:00+00:00,0.00265877,0.00267246536356,0.00256919,0.00261831
2020-02-21 00:00:00+00:00,0.00265049723135,0.00270305764963,0.0026169,0.0026513
2020-02-22 00:00:00+00:00,0.00260142,0.00265397,0.00257724,0.00265182
2020-02-23 00:00:00+00:00,0.00267933824785,0.00268195,0.00259627491936,0.00259896056497
2020-02-24 00:00:00+00:00,0.00258958,0.00268347,0.00255668095052,0.00267962
2020-02-25 00:00:00+00:00,0.00247618,0.0025908845907,0.00243797,0.00258586816455
2020-02-26 00:00:00+00:00,0.00233921,0.00248282,0.00221119133142,0.00247654744688
2020-02-27 00:00:00+00:00,0.00232382,0.00240238,0.00229783,0.00233955338641
2020-02-28 00:00:00+00:00,0.00228866,0.00237023761712,0.00222613,0.00232361167503
2020-02-29 00:00:00+00:00,0.00223477,0.0023181237575,0.00223048691894,0.00227646811086
2020-03-01 00:00:00+00:00,0.00227474,0.00229521413219,0.00222424454868,0.00223554
2020-03-02 00:00:00+00:00,0.00234861,0.00236988043216,0.00225668865837,0.00226931091786
2020-03-03 00:00:00+00:00,0.00249926,0.00252522,0.0023169,0.00234837266892
2020-03-04 00:00:00+00:00,0.00239802,0.00250148,0.00237204,0.00250014646861
2020-03-05 00:00:00+00:00,0.00250581,0.0025307,0.00239805,0.00239832688545
2020-03-06 00:00:00+00:00,0.00249569,0.00251481581083,0.00244735,0.00250535779742
2020-03-07 00:00:00+00:00,0.00240455,0.00251170372795,0.00240157597123,0.00250267349955
2020-03-08 00:00:00+00:00,0.00218693,0.00240732,0.00218684081631,0.00240681
2020-03-09 00:00:00+00:00,0.00221439,0.00223558434419,0.00210996,0.00219313336104
2020-03-10 00:00:00+00:00,0.00220657,0.00226045096082,0.00216579322961,0.00221509713111
2020-03-11 00:00:00+00:00,0.00218362,0.00222756,0.00209904685398,0.00220863734134
2020-03-12 00:00:00+00:00,0.00154012324907,0.00218713722261,0.0015372,0.00218266
2020-03-13 00:00:00+00:00,0.00173783,0.00179641323432,0.00124706,0.00157057
2020-03-14 00:00:00+00:00,0.00166574,0.00177864214093,0.00164157,0.00175667258501
2020-03-15 00:00:00+00:00,0.00168526,0.00180434,0.00165747,0.00166632349101
2020-03-16 00:00:00+00:00,0.00158719,0.00169916,0.00145733151274,0.00168326116295
2020-03-17 00:00:00+00:00,0.00158738,0.00167509895863,0.00155815454776,0.0015811045967
2020-03-18 00:00:00+00:00,0.00156558,0.00161174623793,0.00155232,0.00158166595095
2020-03-19 00:00:00+00:00,0.00177325,0.00182919,0.00156595,0.00156781363329
2020-03-20 00:00:00+00:00,0.00177257,0.00192944625627,0.00169136,0.00177042537007
2020-03-21 00:00:00+00:00,0.00178454,0.00184837,0.00169321537368,0.00177881535155
2020-03-22 00:00:00+00:00,0.0017309,0.0018659,0.00172078,0.00178305031668
2020-03-23 00:00:00+00:00,0.00180458,0.00181443592612,0.00169448,0.00173134259623
2020-03-24 00:00:00+00:00,0.00185078,0.00191243545919,0.00179935423268,0.00180974358879
2020-03-25 00:00:00+00:00,0.00183394,0.00188903160337,0.00180124299312,0.00184234095922
2020-03-26 00:00:00+00:00,0.00184157,0.00187155,0.00182705876754,0.00183271017454
2020-03-27 00:00:00+00:00,0.00180707,0.00186735,0.00180573282109,0.0018492
2020-03-28 00:00:00+00:00,0.00177782,0.00180710905446,0.00171623,0.00180710905446
2020-03-29 00:00:00+00:00,0.00172325,0.00180370612563,0.0017173977706,0.00177455
2020-03-30 00:00:00+00:00,0.00183104,0.00186775,0.00171749,0.00172166
2020-03-31 00:00:00+00:00,0.00181094,0.00184067968185,0.0018055,0.00182013371243
2020-04-01 00:00:00+00:00,0.00186666,0.00186719,0.00177634935266,0.00181159
2020-04-02 00:00:00+00:00,0.00188209,0.00193872487965,0.0018512,0.0018807026772
2020-04-03 00:00:00+00:00,0.00185306,0.0019079,0.00183503950031,0.00188218
2020-04-04 00:00:00+00:00,0.00188042,0.00190162,0.00184126165212,0.00184789303153
2020-04-05 00:00:00+00:00,0.00186509,0.00190894,0.00184697,0.00188094
2020-04-06 00:00:00+00:00,0.0019801,0.0019826627318,0.00185406,0.00185821604621
2020-04-07 00:00:00+00:00,0.00199731,0.00202942,0.00194341,0.00197463
2020-04-08 00:00:00+00:00,0.0020118,0.00204134,0.00195989,0.00198638943951
2020-04-09 00:00:00+00:00,0.00202128023066,0.00202849,0.00198652,0.00201368
2020-04-10 00:00:00+00:00,0.00196819,0.00202195,0.00189283691867,0.00202192
2020-04-11 00:00:00+00:00,0.00198969,0.0020023,0.00194225,0.00197108787013
2020-04-12 00:00:00+00:00,0.0019901,0.00200784,0.00195402,0.001989529987
2020-04-13 00:00:00+00:00,0.00195888,0.00199046,0.00189997,0.00199045628225
2020-04-14 00:00:00+00:00,0.00196346777348,0.00197991329601,0.00193628,0.00195730087308
2020-04-15 00:00:00+00:00,0.00194049,0.00197529543849,0.00190634901895,0.00195683
2020-04-16 00:00:00+00:00,0.00202792961434,0.00202859,0.00189107,0.00190372964203
2020-04-17 00:00:00+00:00,0.00201317,0.00202898288871,0.00199445,0.00202019
2020-04-18 00:00:00+00:00,0.0020609,0.00206199,0.00200729,0.00201137
2020-04-19 00:00:00+00:00,0.00205828,0.00206927131204,0.00202786972388,0.00205895214949
2020-04-20 00:00:00+00:00,0.00198219,0.00206469,0.00196274,0.00205731672265
2020-04-21 00:00:00+00:00,0.00197149,0.00202389518786,0.00195285075864,0.00197877277537
2020-04-22 00:00:00+00:00,0.00201076,0.00203287,0.00196416830344,0.00197098491469
2020-04-23 00:00:00+00:00,0.00204712,0.00210795,0.00200627939784,0.00201124814929
2020-04-24 00:00:00+00:00,0.00210188209465,0.00211718034585,0.00204178170515,0.00205449195777
2020-04-25 00:00:00+00:00,0.00214152,0.00214152023241,0.00208963,0.00210103
2020-04-26 00:00:00+00:00,0.00240909,0.00244390828826,0.00214057481265,0.00214149
2020-04-27 00:00:00+00:00,0.00235488,0.00241422314646,0.00230805458789,0.002400204724
2020-04-28 00:00:00+00:00,0.00233888,0.00236972951603,0.0023221,0.00235238017506
2020-04-29 00:00:00+00:00,0.00251711,0.00253965,0.00233206129446,0.00233939051326
2020-04-30 00:00:00+00:00,0.00244286,0.0026889636641,0.00239175099673,0.00251466133826
2020-05-01 00:00:00+00:00,0.00249391,0.0025591132188,0.00244157,0.0024417922581
2020-05-02 00:00:00+00:00,0.00254935,0.00255306,0.00247263,0.00249460949077
2020-05-03 00:00:00+00:00,0.00251033,0.00258159,0.00247977,0.00255382541152
2020-05-04 00:00:00+00:00,0.00248112,0.00251728,0.00238977447084,0.00251603
2020-05-05 00:00:00+00:00,0.00248434,0.0025207,0.00244937458854,0.00248349
2020-05-06 00:00:00+00:00,0.00252921,0.00258195,0.00247485,0.00248340756812
2020-05-07 00:00:00+00:00,0.00266381,0.00267803,0.00248042,0.00251846816709
2020-05-08 00:00:00+00:00,0.00262507,0.00267154038563,0.00259406,0.00265972650579
2020-05-09 00:00:00+00:00,0.0026114633231,0.0026328,0.00256547,0.00262486243073
2020-05-10 00:00:00+00:00,0.00245943,0.00260909,0.00236043939764,0.00260909
2020-05-11 00:00:00+00:00,0.00241281,0.00250889566337,0.00234015453675,0.00245927141149
2020-05-12 00:00:00+00:00,0.00246293,0.00251346103475,0.00240819648344,0.00241097020699
2020-05-13 00:00:00+00:00,0.00252101,0.00252773,0.00246002,0.00246375087727
2020-05-14 00:00:00+00:00,0.00257419,0.0026234,0.00251213127802,0.00252205143857
2020-05-15 00:00:00+00:00,0.0025058,0.00257524,0.00249008574752,0.00257207052702
2020-05-16 00:00:00+00:00,0.00251256,0.00253353,0.00248357216062,0.00250483
2020-05-17 00:00:00+00:00,0.00253812,0.00257692185903,0.00251054,0.0025122897209
2020-05-18 00:00:00+00:00,0.0025434,0.00258545,0.00251368941467,0.00253342
2020-05-19 00:00:00+00:00,0.0025383,0.00256209,0.00250150088986,0.00254195514901
2020-05-20 00:00:00+00:00,0.00250789,0.0025607,0.00248744,0.00253890258892
2020-05-21 00:00:00+00:00,0.00248517,0.00254926,0.00242918,0.00251308635916
2020-05-22 00:00:00+00:00,0.00253306,0.00254335,0.00247419502513,0.00248780587136
2020-05-23 00:00:00+00:00,0.00254393,0.0025644,0.00249969,0.00253214
2020-05-24 00:00:00+00:00,0.00245783,0.00256102,0.00245113903257,0.00254275
2020-05-25 00:00:00+00:00,0.00254012,0.00254566964636,0.002435,0.00245278346323
2020-05-26 00:00:00+00:00,0.0024864,0.00254208,0.0024742,0.002538333911
2020-05-27 00:00:00+00:00,0.00251013,0.00252898437585,0.00247206707011,0.00248711
2020-05-28 00:00:00+00:00,0.00252358,0.00255789,0.00249491515082,0.00251196
2020-05-29 00:00:00+00:00,0.00253231,0.00254861,0.0025044,0.00252635
2020-05-30 00:00:00+00:00,0.00261518,0.00262371,0.00252906,0.0025298774587
2020-05-31 00:00:00+00:00,0.00255515329479,0.00261745,0.00254925,0.00261625031316
2020-06-01 00:00:00+00:00,0.00264672,0.00266054,0.00255473,0.0025594
2020-06-02 00:00:00+00:00,0.00256124,0.00265228,0.0025209,0.00265029744916
2020-06-03 00:00:00+00:00,0.00258259,0.00259703547456,0.00254588,0.00256202
2020-06-04 00:00:00+00:00,0.0026306,0.00266728,0.00257143,0.00258162
2020-06-05 00:00:00+00:00,0.00259572,0.00263376,0.0025803,0.0026317038495
2020-06-06 00:00:00+00:00,0.00258717,0.00260477,0.00256681,0.00259405026704
2020-06-07 00:00:00+00:00,0.00260608,0.00260945,0.0025583485708,0.00258627
2020-06-08 00:00:00+00:00,0.00258362524536,0.00260619619802,0.00256215,0.00260619619802
2020-06-09 00:00:00+00:00,0.00256859,0.00258606347231,0.00254813,0.00258257
2020-06-10 00:00:00+00:00,0.00258419,0.00259344,0.00255384,0.00257046
2020-06-11 00:00:00+00:00,0.00245496298998,0.00260052,0.00243124,0.00258476539978
2020-06-12 00:00:00+00:00,0.00252016,0.00253247054719,0.00244810378581,0.00245326
2020-06-13 00:00:00+00:00,0.00253308,0.00254114660679,0.00250058,0.00252110128639
2020-06-14 00:00:00+00:00,0.00251055,0.00255368,0.00250010178062,0.00253259
2020-06-15 00:00:00+00:00,0.00247936,0.00251655689947,0.0024071,0.00250893284456
2020-06-16 00:00:00+00:00,0.0024868,0.00252990609394,0.00243426322427,0.00247876896585
2020-06-17 00:00:00+00:00,0.00248493,0.0024912983887,0.00245897,0.00248912722299
2020-06-18 00:00:00+00:00,0.00247163,0.00249247,0.00244872771112,0.00248496509103
2020-06-19 00:00:00+00:00,0.0024348,0.00247133429283,0.00242963,0.00247119080019
2020-06-20 00:00:00+00:00,0.00244672,0.00246602,0.00242203923583,0.00243376470313
2020-06-21 00:00:00+00:00,0.00244661,0.00247751,0.00244151,0.00245458779344
2020-06-22 00:00:00+00:00,0.00247366,0.00249433,0.00244262,0.00244514
2020-06-23 00:00:00+00:00,0.00248423,0.00249265294935,0.00245855,0.00247478791742
2020-06-24 00:00:00+00:00,0.00242968,0.00249656,0.00239381243912,0.0024840601808
2020-06-25 00:00:00+00:00,0.00241660802202,0.00243212915557,0.00239028,0.00243048986969
2020-06-26 00:00:00+00:00,0.00235878,0.00242606935199,0.00235851,0.00241792
2020-06-27 00:00:00+00:00,0.00231292,0.00237806342366,0.0022944,0.00236227
2020-06-28 00:00:00+00:00,0.00232552,0.00234664,0.00228320214779,0.00231479137099
2020-06-29 00:00:00+00:00,0.00231285,0.00234143458975,0.00230191,0.00232387309426
2020-06-30 00:00:00+00:00,0.00231955,0.00234013,0.00229696,0.00231101
2020-07-01 00:00:00+00:00,0.00232982490926,0.00237550128125,0.00230134,0.00232416217673
2020-07-02 00:00:00+00:00,0.00236176918793,0.00238190153222,0.0023016,0.00232947
2020-07-03 00:00:00+00:00,0.00231388078361,0.00236645,0.00230626,0.0023616
2020-07-04 00:00:00+00:00,0.00230938,0.00233915,0.00228852,0.00231678
2020-07-05 00:00:00+00:00,0.00230898,0.00232734163021,0.00229152,0.0023024052632
2020-07-06 00:00:00+00:00,0.00261556,0.00262313535621,0.00230197,0.00230799088184
2020-07-07 00:00:00+00:00,0.00308951,0.00321978,0.00260708883883,0.00260818
2020-07-08 00:00:00+00:00,0.00474983,0.00533488,0.003076068611,0.00313928
2020-07-09 00:00:00+00:00,0.00439683,0.00496109,0.00414798,0.00477403
2020-07-10 00:00:00+00:00,0.00351487,0.0043872064586,0.00343782,0.00438076
2020-07-11 00:00:00+00:00,0.00381096,0.00391976,0.00347633416457,0.00354099
2020-07-12 00:00:00+00:00,0.00362961,0.0038338,0.00361376,0.00382516584504
2020-07-13 00:00:00+00:00,0.00317754,0.00363215399735,0.00306994225738,0.00363215399735
2020-07-14 00:00:00+00:00,0.00329437,0.00336589,0.00306064,0.00316930502039
2020-07-15 00:00:00+00:00,0.00308518,0.00330349082409,0.00307503424108,0.00329018516913
2020-07-16 00:00:00+00:00,0.00299487,0.00309392,0.00289835,0.00308962950775
2020-07-17 00:00:00+00:00,0.00306071,0.00308068277601,0.00293705,0.00297843
2020-07-18 00:00:00+00:00,0.00347259,0.003629,0.00303091,0.00306088809816
2020-07-19 00:00:00+00:00,0.00338186,0.00373839,0.00333266580381,0.00346376502497
2020-07-20 00:00:00+00:00,0.00323929,0.003433,0.003167,0.0033871991674
2020-07-21 00:00:00+00:00,0.00330462,0.00330761,0.00318788,0.0032325715168
2020-07-22 00:00:00+00:00,0.00328522,0.00329344,0.0032215300174,0.00329343737048
2020-07-23 00:00:00+00:00,0.00329471,0.00331933,0.00326506,0.00328171427734
2020-07-24 00:00:00+00:00,0.00321959,0.00331803,0.00317739423458,0.00329458420798
2020-07-25 00:00:00+00:00,0.00323402,0.00329493745902,0.00318928,0.00321941901899
2020-07-26 00:00:00+00:00,0.0032346,0.00326872103338,0.00318576,0.00324106295274
2020-07-27 00:00:00+00:00,0.00315332,0.00324315,0.00303850837909,0.00323666364613
2020-07-28 00:00:00+00:00,0.00319739,0.00321828,0.00313248207078,0.00315323171885
2020-07-29 00:00:00+00:00,0.0031924,0.00326040105627,0.00317531,0.00319645677624
2020-07-30 00:00:00+00:00,0.00323112,0.00324073570453,0.00316626,0.00318987074274
2020-07-31 00:00:00+00:00,0.00322536,0.00323477666865,0.00318104782142,0.00323383442976
2020-08-01 00:00:00+00:00,0.00368864,0.00379661378269,0.00320347,0.00322212358746
2020-08-02 00:00:00+00:00,0.00333606,0.00373603754562,0.00327755,0.00370325851686
2020-08-03 00:00:00+00:00,0.00338886,0.00343730031717,0.00331727862756,0.00333894420214
2020-08-04 00:00:00+00:00,0.00353468,0.00356076174037,0.00338105,0.00339379812382
2020-08-05 00:00:00+00:00,0.00351274,0.00357583302529,0.0034863,0.00354361859158
2020-08-06 00:00:00+00:00,0.00356331357337,0.00363640317995,0.00346167,0.00350967
2020-08-07 00:00:00+00:00,0.00353279,0.0036095,0.00342486,0.00355727
2020-08-08 00:00:00+00:00,0.0035097,0.00353554,0.00345748,0.00353456456407
2020-08-09 00:00:00+00:00,0.00346312,0.00353021295157,0.0034307586859,0.00351027642725
2020-08-10 00:00:00+00:00,0.00349948,0.0035573,0.00345461,0.00347131080303
2020-08-11 00:00:00+00:00,0.00339437,0.00356970516482,0.00334633,0.00349812
2020-08-12 00:00:00+00:00,0.00348444,0.00353001,0.00334740025781,0.00339601323948
2020-08-13 00:00:00+00:00,0.00351652,0.0035487,0.00336781416127,0.00347913440526
2020-08-14 00:00:00+00:00,0.00356081,0.0035749,0.00347766123202,0.00352853717891
2020-08-15 00:00:00+00:00,0.00353943,0.00360690422976,0.0035003,0.00357176
2020-08-16 00:00:00+00:00,0.00352356,0.00355153489752,0.00347207,0.00354117596821
2020-08-17 00:00:00+00:00,0.00359109,0.00371834,0.00350042,0.00352352
2020-08-18 00:00:00+00:00,0.003514,0.00369945613746,0.00348301,0.00359779
2020-08-19 00:00:00+00:00,0.00342392,0.00353822,0.00336890322897,0.0035048837761
2020-08-20 00:00:00+00:00,0.00345749886046,0.00349947,0.003397,0.00342800913278
2020-08-21 00:00:00+00:00,0.00339240687747,0.00355248410841,0.00338911993316,0.00346448
2020-08-22 00:00:00+00:00,0.003442,0.00344658,0.00335686026905,0.00338886
2020-08-23 00:00:00+00:00,0.0034142,0.00344994,0.00338835524055,0.00344001023914
2020-08-24 00:00:00+00:00,0.00341794,0.00346380513519,0.0033863834881,0.0034132267946
2020-08-25 00:00:00+00:00,0.0033046,0.00343244,0.00323918,0.00341990195783
2020-08-26 00:00:00+00:00,0.00330335,0.00334468938207,0.00325278,0.00329722085209
2020-08-27 00:00:00+00:00,0.00320271,0.00331342,0.00316547,0.00329979988399
2020-08-28 00:00:00+00:00,0.00326846,0.00327113,0.00318201843149,0.00320215495774
2020-08-29 00:00:00+00:00,0.0032821,0.00330485692684,0.00324154708986,0.00326513198153
2020-08-30 00:00:00+00:00,0.00330005,0.0033428274403,0.00327405345775,0.00327970399039
2020-08-31 00:00:00+00:00,0.00322059,0.00330662,0.00320421,0.003301441846
2020-09-01 00:00:00+00:00,0.00325599,0.00327884,0.00319433,0.00321747202731
2020-09-02 00:00:00+00:00,0.00312246,0.00326638,0.00306757,0.00324818116523
2020-09-03 00:00:00+00:00,0.00280243,0.00312434,0.00279026,0.00312213036892
2020-09-04 00:00:00+00:00,0.00289862,0.00295557,0.00275869823707,0.0028052
2020-09-05 00:00:00+00:00,0.00275826,0.00293398856763,0.00272263,0.00288849000334
2020-09-06 00:00:00+00:00,0.00278693,0.00281354698832,0.0027037,0.00276287638717
2020-09-07 00:00:00+00:00,0.00281146,0.0028318666156,0.00270914,0.00278908792419
2020-09-08 00:00:00+00:00,0.0027556,0.00283097140956,0.00270662,0.00280912816761
2020-09-09 00:00:00+00:00,0.00277906,0.00280623419784,0.00270747,0.00274974240793
2020-09-10 00:00:00+00:00,0.00280523,0.00285902404186,0.00275235,0.00278743867134
2020-09-11 00:00:00+00:00,0.00280618,0.00282205,0.00274161722208,0.00282050727002
2020-09-12 00:00:00+00:00,0.00281884,0.00282952975024,0.0027815008693,0.00280825282385
2020-09-13 00:00:00+00:00,0.00277614,0.00282348,0.00274843,0.00281669051394
2020-09-14 00:00:00+00:00,0.00280262,0.00284287,0.00274599159562,0.00277573313675
2020-09-15 00:00:00+00:00,0.00283175,0.00287501092276,0.00278666771616,0.00279935803552
2020-09-16 00:00:00+00:00,0.00282429295246,0.00285856,0.00279203,0.00283335210299
2020-09-17 00:00:00+00:00,0.00281351,0.00285861564745,0.00278171,0.00282537
2020-09-18 00:00:00+00:00,0.00279467930464,0.00282493493482,0.00275601,0.00281507562874
2020-09-19 00:00:00+00:00,0.00279372,0.00281360340445,0.00277255,0.00278191
2020-09-20 00:00:00+00:00,0.00277797,0.00280612,0.00272894,0.00279246818978
2020-09-21 00:00:00+00:00,0.00263032,0.0028018012022,0.00261673,0.002789
2020-09-22 00:00:00+00:00,0.00265602,0.00267167,0.00260373,0.00262099152656
2020-09-23 00:00:00+00:00,0.00256045,0.00267471523255,0.00254017,0.00265605465453
2020-09-24 00:00:00+00:00,0.00262828,0.00265429890276,0.00253559,0.00256564972795
2020-09-25 00:00:00+00:00,0.00269849,0.00272143,0.00261652,0.00264039644003
2020-09-26 00:00:00+00:00,0.00271612,0.00275224,0.0026795,0.00270718993095
2020-09-27 00:00:00+00:00,0.00269206,0.00273393,0.00264852,0.00270663865469
2020-09-28 00:00:00+00:00,0.00265201,0.00273946900606,0.00264034,0.00270097794175
2020-09-29 00:00:00+00:00,0.00268541,0.00270949,0.00263585,0.00265602236289
2020-09-30 00:00:00+00:00,0.00263015,0.00268675072148,0.00261768,0.00268675072148
2020-10-01 00:00:00+00:00,0.00261584,0.00268151,0.00258434,0.00263241
2020-10-02 00:00:00+00:00,0.0025834,0.00262799,0.00253949,0.00261159163956
2020-10-03 00:00:00+00:00,0.00259883,0.0026396,0.00257410884532,0.00258172
2020-10-04 00:00:00+00:00,0.00263489,0.00268178,0.00258974985455,0.00260673286868
2020-10-05 00:00:00+00:00,0.00261238,0.0026616,0.00259921,0.00263231344597
2020-10-06 00:00:00+00:00,0.00261147,0.00262786,0.00257353906083,0.00261338
2020-10-07 00:00:00+00:00,0.00259518,0.00261210010824,0.00256505,0.00259222
2020-10-08 00:00:00+00:00,0.00259556,0.00263081,0.00256273,0.00258432864875
2020-10-09 00:00:00+00:00,0.00265253,0.00266612,0.0025947,0.00261748
2020-10-10 00:00:00+00:00,0.00265453,0.00271558730717,0.00265426,0.00265455
2020-10-11 00:00:00+00:00,0.00267363,0.00270611,0.00264903,0.00266720516776
2020-10-12 00:00:00+00:00,0.00267315,0.00270716,0.00262871,0.00267660338719
2020-10-13 00:00:00+00:00,0.0026351,0.0026765295104,0.00262671,0.00266598
2020-10-14 00:00:00+00:00,0.00263711,0.00265316,0.00261776853987,0.00263323
2020-10-15 00:00:00+00:00,0.00259265,0.00265053,0.00256916,0.00265037865255
2020-10-16 00:00:00+00:00,0.00261207,0.00262332,0.00255756,0.00259484730701
2020-10-17 00:00:00+00:00,0.00258111,0.00261218,0.0025655,0.0026028785688
2020-10-18 00:00:00+00:00,0.00258649,0.00260105454707,0.00257652562988,0.00258101
2020-10-19 00:00:00+00:00,0.00258976,0.00261853,0.00257218,0.00259486
2020-10-20 00:00:00+00:00,0.00260093,0.00262311,0.00258055,0.0025904870589
2020-10-21 00:00:00+00:00,0.00263032,0.00265735,0.00259418,0.00260401
2020-10-22 00:00:00+00:00,0.00265502,0.00268846,0.00262440095611,0.00262440095611
2020-10-23 00:00:00+00:00,0.0026469,0.00269116,0.00263661,0.00264866821921
2020-10-24 00:00:00+00:00,0.0026455,0.0026531550502,0.00262372,0.00264586142759
2020-10-25 00:00:00+00:00,0.00265314,0.00267626,0.00262441,0.00264647
2020-10-26 00:00:00+00:00,0.00267853,0.00289283,0.00263565,0.00265309570226
2020-10-27 00:00:00+00:00,0.00267665,0.00270616977672,0.00263448,0.00267466114053
2020-10-28 00:00:00+00:00,0.00259499,0.0026974,0.00257466222911,0.00267264253138
2020-10-29 00:00:00+00:00,0.00258066,0.0026228,0.00251781,0.0025859851964
2020-10-30 00:00:00+00:00,0.00259836,0.00260696025492,0.0025331,0.00257830073978
2020-10-31 00:00:00+00:00,0.00257594,0.00260324279609,0.00255623,0.00258484
2020-11-01 00:00:00+00:00,0.00258175,0.00259035463032,0.00256138264198,0.00257388
2020-11-02 00:00:00+00:00,0.00251712,0.00259203,0.00251524,0.00258423
2020-11-03 00:00:00+00:00,0.00252762,0.00253033372609,0.00245599600151,0.00251564
2020-11-04 00:00:00+00:00,0.00253328,0.00255786,0.00249686,0.00252425727769
2020-11-05 00:00:00+00:00,0.00261685,0.00263614,0.00249557,0.00253755460681
2020-11-06 00:00:00+00:00,0.00275989,0.00279833575482,0.00261401,0.00261666012663
2020-11-07 00:00:00+00:00,0.00267068,0.00281745,0.00262011,0.00276381
2020-11-08 00:00:00+00:00,0.00271064,0.00274173,0.0026577,0.00267067734707
2020-11-09 00:00:00+00:00,0.00266953,0.00278636,0.00266267,0.00271426788343
2020-11-10 00:00:00+00:00,0.00275341,0.00285102593104,0.00265515,0.00266942922568
2020-11-11 00:00:00+00:00,0.00276896,0.00283682,0.00275336853399,0.00275667803814
2020-11-12 00:00:00+00:00,0.00277901,0.00279085,0.00274702720889,0.00276682238467
2020-11-13 00:00:00+00:00,0.00282145,0.002835870817,0.00277745,0.00278673
2020-11-14 00:00:00+00:00,0.002773,0.00282041,0.00272235,0.00281368903458
2020-11-15 00:00:00+00:00,0.00277541,0.00281343967152,0.00273904908602,0.00277365582015
2020-11-16 00:00:00+00:00,0.00288746,0.0030049,0.00275753,0.0027765661155
2020-11-17 00:00:00+00:00,0.00293588,0.00296884,0.00288573,0.00288995535641
2020-11-18 00:00:00+00:00,0.00290902,0.00299917010645,0.00285478,0.00294868
2020-11-19 00:00:00+00:00,0.00291104,0.00295967109093,0.00286789194498,0.00290984663484
2020-11-20 00:00:00+00:00,0.00298434,0.00301055713749,0.00290824337938,0.00291109841851
2020-11-21 00:00:00+00:00,0.00350659,0.00354885,0.00298496,0.00298512381607
2020-11-22 00:00:00+00:00,0.0033293,0.00364071,0.00318755,0.00350563120885
2020-11-23 00:00:00+00:00,0.00364797,0.00364797,0.00323165,0.00334098620147
2020-11-24 00:00:00+00:00,0.00420366,0.00420433773405,0.00358417,0.00367505
2020-11-25 00:00:00+00:00,0.00372672,0.00425630448752,0.00364153918979,0.00425630448752
2020-11-26 00:00:00+00:00,0.00324982,0.00379061289903,0.00297994,0.00372468276583
2020-11-27 00:00:00+00:00,0.00327521,0.00335354378497,0.00309307842814,0.00326144154988
2020-11-28 00:00:00+00:00,0.00340487,0.0034686,0.00324746188367,0.003275079959
2020-11-29 00:00:00+00:00,0.00344778,0.0035300602577,0.0033583,0.00340350855875
2020-11-30 00:00:00+00:00,0.00355089,0.0035803,0.00341424632768,0.00345081
2020-12-01 00:00:00+00:00,0.0033347,0.00356945,0.0032885,0.00355784628507
2020-12-02 00:00:00+00:00,0.00337436,0.00343041096826,0.0032929018169,0.00333415056104
2020-12-03 00:00:00+00:00,0.00342761,0.00349977729883,0.00335245,0.00336474987872
2020-12-04 00:00:00+00:00,0.00329811,0.00344649848573,0.00328513344957,0.00343105240943
2020-12-05 00:00:00+00:00,0.00339687,0.00341414934901,0.00326922693846,0.00329504063998
2020-12-06 00:00:00+00:00,0.0033884,0.00344187,0.00334386,0.00340092196282
2020-12-07 00:00:00+00:00,0.00334233,0.00339971201208,0.00332005,0.00339699
2020-12-08 00:00:00+00:00,0.00317934,0.00336063,0.00314507132657,0.00333900986104
2020-12-09 00:00:00+00:00,0.00315811,0.00317619805926,0.00301599,0.00316673
2020-12-10 00:00:00+00:00,0.0031046,0.00316419,0.00306605,0.00315945985033
2020-12-11 00:00:00+00:00,0.0030788,0.00310903,0.00300878,0.0031048670935
2020-12-12 00:00:00+00:00,0.00316309,0.00318397,0.00307513628474,0.00307513628474
2020-12-13 00:00:00+00:00,0.00325587,0.00327412523356,0.00315340363293,0.00316286781934
2020-12-14 00:00:00+00:00,0.00323079,0.00327897212112,0.00319919592066,0.00325582116129
2020-12-15 00:00:00+00:00,0.00320577,0.00324842752909,0.00318045,0.00322848892806
2020-12-16 00:00:00+00:00,0.00341629,0.00342188,0.00318669061723,0.00321096876037
2020-12-17 00:00:00+00:00,0.0037298,0.00405577,0.00340667444027,0.00341537843073
2020-12-18 00:00:00+00:00,0.00385822,0.00396165,0.00361837805891,0.00372523698006
2020-12-19 00:00:00+00:00,0.00392675,0.00401649546409,0.00381153,0.00386066144326
2020-12-20 00:00:00+00:00,0.00462466,0.00467187,0.00382734055898,0.00392256495241
2020-12-21 00:00:00+00:00,0.00478746,0.00540422,0.00437162,0.00464498890281
2020-12-22 00:00:00+00:00,0.00446477,0.00484255283557,0.00437452902483,0.00477165
2020-12-23 00:00:00+00:00,0.00376766,0.00468548,0.00364542533793,0.00468548
2020-12-24 00:00:00+00:00,0.00457046,0.00457652,0.00369704671823,0.00373281
2020-12-25 00:00:00+00:00,0.00458201,0.00461002,0.00439461,0.00456989261702
2020-12-26 00:00:00+00:00,0.00449367,0.00463592953734,0.00442756,0.00455816372731
2020-12-27 00:00:00+00:00,0.00454771,0.00480461,0.00442869,0.00450295
2020-12-28 00:00:00+00:00,0.00459177,0.00471626752945,0.00452339,0.00453237
2020-12-29 00:00:00+00:00,0.00448647,0.00460110166049,0.00427753,0.00459797929449
2020-12-30 00:00:00+00:00,0.00463551,0.00468558094021,0.00446277867033,0.00448175765988
2020-12-31 00:00:00+00:00,0.00468225,0.00474346887426,0.00455398,0.00463581876893
2021-01-01 00:00:00+00:00,0.00568496,0.00568496,0.00461583631369,0.00467808209881
2021-01-02 00:00:00+00:00,0.01061451,0.01328770120827,0.00559888284238,0.00569382401218
2021-01-03 00:00:00+00:00,0.00977052,0.01375015,0.0094149,0.01052443072046
2021-01-04 00:00:00+00:00,0.00976719,0.01133864434033,0.00791094,0.00984037466214
2021-01-05 00:00:00+00:00,0.0099204,0.01020328,0.00897584,0.00976688488604
2021-01-06 00:00:00+00:00,0.01046514,0.01079124592082,0.00972784,0.01003225253047
2021-01-07 00:00:00+00:00,0.00974244,0.01052859583051,0.00916241454321,0.01045203573126
2021-01-08 00:00:00+00:00,0.00984637,0.01026178,0.00898862752157,0.00976181239497
2021-01-09 00:00:00+00:00,0.01019416,0.01074016098677,0.00974038,0.00978897690944
2021-01-10 00:00:00+00:00,0.00985959,0.01085596121103,0.00917681,0.01022336322091
2021-01-11 00:00:00+00:00,0.00883453,0.00981875478889,0.00677014,0.00981875478889
2021-01-12 00:00:00+00:00,0.00806287,0.00914451,0.00790473587118,0.008778
2021-01-13 00:00:00+00:00,0.00861635,0.00863776,0.00778985,0.00807041738215
2021-01-14 00:00:00+00:00,0.00939673,0.00999574734323,0.00834908,0.00868075024571
2021-01-15 00:00:00+00:00,0.00936903,0.0097696,0.00846978,0.00939348
2021-01-16 00:00:00+00:00,0.00926465,0.00952494,0.00914228227058,0.00936656915046
2021-01-17 00:00:00+00:00,0.00906651,0.00936668355953,0.00884139813481,0.00922982617897
2021-01-18 00:00:00+00:00,0.0091711,0.00929433,0.00899157,0.00912338953127
2021-01-19 00:00:00+00:00,0.0090982,0.00961281,0.00902368,0.00917722226171
2021-01-20 00:00:00+00:00,0.00906009,0.00915288324191,0.00853094,0.00905384716861
2021-01-21 00:00:00+00:00,0.00816632,0.00908936,0.00806404728087,0.00908936
2021-01-22 00:00:00+00:00,0.0085235,0.00876921,0.00765988,0.00812101
2021-01-23 00:00:00+00:00,0.00857912,0.00880799,0.00838848,0.00849579
2021-01-24 00:00:00+00:00,0.00872708,0.00894847,0.00851582,0.00851582
2021-01-25 00:00:00+00:00,0.00838293,0.00887891,0.00827601,0.0086957
2021-01-26 00:00:00+00:00,0.00825458,0.00845550384223,0.00802230535232,0.00838200243369
2021-01-27 00:00:00+00:00,0.0074815,0.00825911248471,0.00730882,0.00825911248471
2021-01-28 00:00:00+00:00,0.03408356,0.03417659384305,0.0073716,0.00748060850836
2021-01-29 00:00:00+00:00,0.04716157,0.07797325,0.03316782,0.03444795
2021-01-30 00:00:00+00:00,0.02817592,0.04980709532202,0.02256411901183,0.04680256402098
2021-01-31 00:00:00+00:00,0.03719621,0.04528851,0.02719349,0.02739877
2021-02-01 00:00:00+00:00,0.04043412016049,0.04325,0.03500801,0.03705358645781
2021-02-02 00:00:00+00:00,0.03152025,0.03402292128831,0.03046768,0.03208965
2021-02-03 00:00:00+00:00,0.03712003,0.03898548495411,0.03114623,0.03139155910147
2021-02-04 00:00:00+00:00,0.05328933,0.05770455,0.03595057,0.03722574045703
2021-02-05 00:00:00+00:00,0.04693473,0.05367860877415,0.04353977,0.04997774
2021-02-06 00:00:00+00:00,0.05759472,0.05826061,0.04509529,0.04680439003127
2021-02-07 00:00:00+00:00,0.07878179,0.08416813612673,0.05431356,0.05750160886006
2021-02-08 00:00:00+00:00,0.07882511,0.08494506,0.06470162574995,0.07594271383756
2021-02-09 00:00:00+00:00,0.07006957,0.0831277,0.06594912,0.07846214000566
2021-02-10 00:00:00+00:00,0.07289631,0.08082938,0.06875023788176,0.07031214461216
2021-02-11 00:00:00+00:00,0.06967585,0.0743014,0.06843016702378,0.07284431145954
2021-02-12 00:00:00+00:00,0.07006853,0.0724242,0.06174528,0.06965016452726
2021-02-13 00:00:00+00:00,0.06644953,0.07164625,0.06613514,0.07029072
2021-02-14 00:00:00+00:00,0.06253697,0.06636924951944,0.0567230653685,0.06636924951944
2021-02-15 00:00:00+00:00,0.05659087,0.06380278,0.04859039,0.06253529529054
2021-02-16 00:00:00+00:00,0.05352025,0.05965527222469,0.05098287120628,0.0565287339444
2021-02-17 00:00:00+00:00,0.04937563,0.05498263,0.04803488709234,0.05344925
2021-02-18 00:00:00+00:00,0.05954129,0.06145155,0.04900906,0.0500309
2021-02-19 00:00:00+00:00,0.05513934,0.05949659,0.05431522,0.05949659
2021-02-20 00:00:00+00:00,0.05438446,0.05992907593438,0.05179171,0.05513455303524
2021-02-21 00:00:00+00:00,0.05597983,0.0581893,0.05355587055865,0.05414077495419
2021-02-22 00:00:00+00:00,0.05372515,0.06046605,0.04709622,0.05607684
2021-02-23 00:00:00+00:00,0.04739205,0.05371020209134,0.04256763575886,0.05371020209134
2021-02-24 00:00:00+00:00,0.05655541,0.05987291,0.04626753,0.0475909
2021-02-25 00:00:00+00:00,0.05016734,0.05777300967077,0.04992347,0.05686279788355
2021-02-26 00:00:00+00:00,0.05047986,0.0524721,0.0487683,0.04998835566631
2021-02-27 00:00:00+00:00,0.0500829,0.05190207,0.04929685,0.05052706667293
2021-02-28 00:00:00+00:00,0.04805151,0.05013177,0.04508753,0.05012240637887
2021-03-01 00:00:00+00:00,0.05059866,0.05147869314944,0.04802913,0.04825084703297
2021-03-02 00:00:00+00:00,0.05026221,0.05238174,0.04929915,0.05059612405642
2021-03-03 00:00:00+00:00,0.05059207,0.05212614,0.05008211,0.05027799957657
2021-03-04 00:00:00+00:00,0.05004843,0.05108673,0.04787886775306,0.05044230163843
2021-03-05 00:00:00+00:00,0.04960851,0.05064863860942,0.04816019223324,0.04998297769629
2021-03-06 00:00:00+00:00,0.05098429,0.05237435,0.04938261,0.04958670605773
2021-03-07 00:00:00+00:00,0.05212174,0.05212174,0.0505729,0.05097129772217
2021-03-08 00:00:00+00:00,0.06194928,0.06194928,0.05167218,0.0523026
2021-03-09 00:00:00+00:00,0.05799823,0.06219131355815,0.05605630746608,0.06219131355815
2021-03-10 00:00:00+00:00,0.05600395,0.05861615350512,0.0547148,0.05798645
2021-03-11 00:00:00+00:00,0.05591786,0.05666141,0.05450212,0.05597714795038
2021-03-12 00:00:00+00:00,0.05534893,0.05697972,0.05451290800624,0.05603001518189
2021-03-13 00:00:00+00:00,0.06243198,0.06243198,0.05475620932737,0.05530758354788
2021-03-14 00:00:00+00:00,0.0585919,0.06296085,0.0585919,0.06211900333719
2021-03-15 00:00:00+00:00,0.05708768,0.05968146,0.05515188722408,0.05837005
2021-03-16 00:00:00+00:00,0.0586074,0.05891177,0.05550992,0.05702371197443
2021-03-17 00:00:00+00:00,0.05765313,0.0588661,0.05647326620254,0.05860954355772
2021-03-18 00:00:00+00:00,0.05738277,0.05878455539062,0.05428897234229,0.05768526
2021-03-19 00:00:00+00:00,0.05832836,0.05969916,0.05660703828675,0.057296
2021-03-20 00:00:00+00:00,0.05896063,0.06049065952938,0.05812032088171,0.0582258891644
2021-03-21 00:00:00+00:00,0.05723426,0.05952116903265,0.05679761,0.0588743249215
2021-03-22 00:00:00+00:00,0.0549616,0.0577252,0.0549616,0.05725867545353
2021-03-23 00:00:00+00:00,0.05355558,0.056068687733,0.05301448,0.05456071
2021-03-24 00:00:00+00:00,0.05170175,0.05648813253085,0.05124163,0.05344684160337
2021-03-25 00:00:00+00:00,0.05144848,0.05240657,0.04969786,0.05169855039419
2021-03-26 00:00:00+00:00,0.05395158,0.05401595,0.05133484422494,0.05133484422494
2021-03-27 00:00:00+00:00,0.05437709,0.0554292677623,0.05353012674723,0.05425786
2021-03-28 00:00:00+00:00,0.05369841,0.05474952,0.05301326,0.05443657520887
2021-03-29 00:00:00+00:00,0.05405164,0.05465075,0.0531795,0.05372894
2021-03-30 00:00:00+00:00,0.05390039,0.05543422,0.05370192,0.05403945319586
2021-03-31 00:00:00+00:00,0.05365728,0.05446841610403,0.05233315,0.05376186872352
2021-04-01 00:00:00+00:00,0.06198606,0.06959599,0.05365584,0.05377780879027
2021-04-02 00:00:00+00:00,0.05766378,0.0617595,0.0573642,0.0617595
2021-04-03 00:00:00+00:00,0.0558036,0.05934822638887,0.0558036,0.05751839
2021-04-04 00:00:00+00:00,0.0574037,0.05809210468083,0.05529456,0.05563860850049
2021-04-05 00:00:00+00:00,0.05969593,0.06004500009634,0.05647494,0.05741488
2021-04-06 00:00:00+00:00,0.06445823,0.06487085,0.05810801,0.05984526302237
2021-04-07 00:00:00+00:00,0.05902847,0.06691953,0.05765774344817,0.06449106872427
2021-04-08 00:00:00+00:00,0.06146385,0.06173705,0.05882292702089,0.0589349468535
2021-04-09 00:00:00+00:00,0.06168375,0.06390982637296,0.06032076225193,0.0618154553503
2021-04-10 00:00:00+00:00,0.06384492,0.06470088,0.06084082,0.06168489691971
2021-04-11 00:00:00+00:00,0.07464893,0.07855976039725,0.06325851,0.06362811
2021-04-12 00:00:00+00:00,0.07076687,0.07496552054576,0.06898096,0.07407371251251
2021-04-13 00:00:00+00:00,0.09344469,0.09518118565344,0.07089577165459,0.07089577165459
2021-04-14 00:00:00+00:00,0.12151736,0.14159202,0.09256314422947,0.09515555610874
2021-04-15 00:00:00+00:00,0.18220744,0.18691524,0.12116700596784,0.12116700596784
2021-04-16 00:00:00+00:00,0.36587002,0.43292451,0.18056127,0.18056127
2021-04-17 00:00:00+00:00,0.28417344,0.37425933188951,0.23652373925767,0.36043739581137
2021-04-18 00:00:00+00:00,0.32047533,0.34932663705429,0.24717221017029,0.28844342524945
2021-04-19 00:00:00+00:00,0.40731778,0.43127798736197,0.30907954,0.32228982252075
2021-04-20 00:00:00+00:00,0.31949967,0.42153446,0.27759879,0.40843477375017
2021-04-21 00:00:00+00:00,0.30692451,0.34696556587577,0.29711702,0.3122462892962
2021-04-22 00:00:00+00:00,0.26096732,0.3087565,0.25843068986895,0.30715392809042
2021-04-23 00:00:00+00:00,0.24850933,0.26835333185606,0.17631799,0.26046539
2021-04-24 00:00:00+00:00,0.27021226,0.28846678,0.23071020220732,0.25168531
2021-04-25 00:00:00+00:00,0.25111084,0.28760212618841,0.22842875169492,0.26979998937248
2021-04-26 00:00:00+00:00,0.27067449,0.27970302,0.24841481,0.25124008880109
2021-04-27 00:00:00+00:00,0.2721883,0.2794731627052,0.26502716014388,0.26999398
2021-04-28 00:00:00+00:00,0.32368163,0.33397683,0.25623111,0.27227262702277
2021-04-29 00:00:00+00:00,0.30516938,0.32388057095481,0.29813056,0.32323236976591
2021-04-30 00:00:00+00:00,0.33756111,0.33901963,0.30309408,0.30470231972727
2021-05-01 00:00:00+00:00,0.39298743,0.3951671,0.32829022912179,0.33722734393664
2021-05-02 00:00:00+00:00,0.3760461,0.39952717,0.36510037,0.39108719184958
2021-05-03 00:00:00+00:00,0.44170671,0.4446914,0.37514352330404,0.37514352330404
2021-05-04 00:00:00+00:00,0.54133438,0.60599787,0.40487625401716,0.44027394233477
2021-05-05 00:00:00+00:00,0.65763288,0.69289125554031,0.5494393,0.54994212
2021-05-06 00:00:00+00:00,0.58080387,0.66015625,0.54510206,0.65284240749281
2021-05-07 00:00:00+00:00,0.68477698,0.72364751797068,0.52034187,0.58293001
2021-05-08 00:00:00+00:00,0.63643918,0.73643462,0.60816772,0.68850405425692
2021-05-09 00:00:00+00:00,0.57007049,0.69762489,0.42986340544346,0.62773021
2021-05-10 00:00:00+00:00,0.44996367,0.56706188,0.431116,0.56579933921778
2021-05-11 00:00:00+00:00,0.49523086,0.53940555,0.44569996509085,0.44740534
2021-05-12 00:00:00+00:00,0.38537602,0.51677727265415,0.38537602,0.49254240440782
2021-05-13 00:00:00+00:00,0.49037394,0.51946094793244,0.36628926,0.37913715800208
2021-05-14 00:00:00+00:00,0.55960438,0.58890266190241,0.46769805,0.49486119
2021-05-15 00:00:00+00:00,0.50797205,0.56191305669402,0.49129942,0.55536705569648
2021-05-16 00:00:00+00:00,0.51489521,0.54324735,0.46336516099913,0.50790986067739
2021-05-17 00:00:00+00:00,0.48789165,0.51522146,0.46302053,0.51360085205511
2021-05-18 00:00:00+00:00,0.47611501,0.51166454,0.47038424,0.48307583
2021-05-19 00:00:00+00:00,0.33312345,0.47893992,0.23596411,0.47394005616981
2021-05-20 00:00:00+00:00,0.40019368,0.43279056637101,0.29625272,0.3371409744373
2021-05-21 00:00:00+00:00,0.35938192,0.41197455,0.31476616051309,0.4034031
2021-05-22 00:00:00+00:00,0.34237123,0.35804919,0.32105139,0.35689180069711
2021-05-23 00:00:00+00:00,0.30807063,0.35060435,0.24943722,0.33834063
2021-05-24 00:00:00+00:00,0.36616223,0.36910067,0.29678333829946,0.31036656
2021-05-25 00:00:00+00:00,0.34630195,0.38001017,0.32548923071632,0.36736985
2021-05-26 00:00:00+00:00,0.35369307,0.36584949494632,0.33930007,0.34639615973467
2021-05-27 00:00:00+00:00,0.33294531,0.3525486838376,0.32814405,0.3525486838376
2021-05-28 00:00:00+00:00,0.31120487,0.34509566,0.30151795,0.3299204
2021-05-29 00:00:00+00:00,0.30310971,0.31791850383505,0.28179254650109,0.31019336399496
2021-05-30 00:00:00+00:00,0.30222359,0.3103243396821,0.2883156,0.30162534093621
2021-05-31 00:00:00+00:00,0.32581045,0.32872147,0.29461986,0.30061205758539
2021-06-01 00:00:00+00:00,0.37007655,0.38235404320347,0.31289379462514,0.32722350797824
2021-06-02 00:00:00+00:00,0.42337353,0.44139281750992,0.35318788,0.37121511536768
2021-06-03 00:00:00+00:00,0.39996289,0.43965879309136,0.37881918,0.42314167084281
2021-06-04 00:00:00+00:00,0.37632255,0.39952117540264,0.35223807706486,0.39952117540264
2021-06-05 00:00:00+00:00,0.3721774,0.39380661072556,0.36186741677728,0.37675215063188
2021-06-06 00:00:00+00:00,0.37180708,0.37679822510765,0.36725393126242,0.37097891
2021-06-07 00:00:00+00:00,0.33104994,0.37967759459705,0.33090240134435,0.37139422
2021-06-08 00:00:00+00:00,0.32768651,0.34009343,0.2995528,0.33182177391581
2021-06-09 00:00:00+00:00,0.34333093,0.35259532,0.31313147,0.32776239
2021-06-10 00:00:00+00:00,0.3263507,0.34398784,0.32332874,0.34398784
2021-06-11 00:00:00+00:00,0.31935918,0.33244288,0.31301903,0.32404789
2021-06-12 00:00:00+00:00,0.31208361,0.31933176,0.30249908,0.31667475
2021-06-13 00:00:00+00:00,0.32438177,0.3300257487182,0.30808992518804,0.31246116701746
2021-06-14 00:00:00+00:00,0.32763898,0.33629528,0.32017135,0.32646382
2021-06-15 00:00:00+00:00,0.32051567,0.33039185,0.31697569,0.3277718970175
2021-06-16 00:00:00+00:00,0.30776119,0.32138173,0.30620388,0.31898586014437
2021-06-17 00:00:00+00:00,0.30649565,0.31401057,0.30356778555579,0.30846432460235
2021-06-18 00:00:00+00:00,0.29347221,0.30770801,0.28072293,0.30613202753315
2021-06-19 00:00:00+00:00,0.28735578,0.29780315469312,0.28655033567602,0.29304886108465
2021-06-20 00:00:00+00:00,0.28090031,0.28888922012556,0.2564666,0.28740056
2021-06-21 00:00:00+00:00,0.17869117,0.28052883,0.16649053,0.28052883
2021-06-22 00:00:00+00:00,0.19103065,0.21612161242962,0.16673683,0.17868229014494
2021-06-23 00:00:00+00:00,0.23538092,0.24711037,0.18097941,0.18933874
2021-06-24 00:00:00+00:00,0.26278229,0.26839952,0.22253956,0.23502094
2021-06-25 00:00:00+00:00,0.23915293,0.28781261155058,0.23028611,0.2653955325729
2021-06-26 00:00:00+00:00,0.2447839,0.25479149,0.23097211,0.23541255338995
2021-06-27 00:00:00+00:00,0.26444968,0.26545235,0.24121552,0.2448216129133
2021-06-28 00:00:00+00:00,0.2568567,0.26531928,0.25158479,0.26491829051279
2021-06-29 00:00:00+00:00,0.26276884,0.27440467,0.253203,0.2552377123369
2021-06-30 00:00:00+00:00,0.25421537020784,0.26353780329615,0.23947468,0.26353780329615
2021-07-01 00:00:00+00:00,0.24454948075537,0.25731239160769,0.23899813177474,0.25367517463111
2021-07-02 00:00:00+00:00,0.24526381988046,0.24660233037737,0.23884833174444,0.24342529550866
2021-07-03 00:00:00+00:00,0.24641098808689,0.24997544245784,0.24263720652399,0.24519014003106
2021-07-04 00:00:00+00:00,0.24648300836983,0.25227007444732,0.24342506434427,0.24617875707457
2021-07-05 00:00:00+00:00,0.23161441968311,0.24591663897804,0.2280015835373,0.24540703168858
2021-07-06 00:00:00+00:00,0.23442176452579,0.24139754412884,0.22984152615677,0.23190947322076
2021-07-07 00:00:00+00:00,0.22412644084223,0.23771250495878,0.22282963378986,0.23376910573966
2021-07-08 00:00:00+00:00,0.20759705959759,0.22472792630796,0.20298708045629,0.22334411643137
2021-07-09 00:00:00+00:00,0.21986442918601,0.2291187627695,0.19717636882628,0.20707973311193
2021-07-10 00:00:00+00:00,0.21391985270141,0.22703473780739,0.21084041339271,0.21984568479677
2021-07-11 00:00:00+00:00,0.21585569234873,0.2185647194417,0.21100295066744,0.21418512398977
2021-07-12 00:00:00+00:00,0.20804765078049,0.21893376523362,0.20484558633803,0.21608683224
2021-07-13 00:00:00+00:00,0.20000332281729,0.20785351055863,0.19816303152452,0.20753304567169
2021-07-14 00:00:00+00:00,0.19732388941709,0.20448273252177,0.18811608983938,0.19917187665144
2021-07-15 00:00:00+00:00,0.18488813382318,0.20083999449202,0.18078623714884,0.1978600333666
2021-07-16 00:00:00+00:00,0.17234527154359,0.18817169258839,0.17161557859809,0.18573831458414
2021-07-17 00:00:00+00:00,0.18612457621347,0.20368969004532,0.16932773033328,0.17148055378282
2021-07-18 00:00:00+00:00,0.18223326670003,0.19457474426261,0.18088609937878,0.18664865400706
2021-07-19 00:00:00+00:00,0.17355565839573,0.18346131259593,0.17094491913089,0.18132280914664
2021-07-20 00:00:00+00:00,0.17080049691395,0.17863543283221,0.1607763347515,0.17376263467643
2021-07-21 00:00:00+00:00,0.19034875387661,0.21280056935607,0.16905286408992,0.17018199033555
2021-07-22 00:00:00+00:00,0.19130284564852,0.19612186932345,0.18666843650978,0.18934531275642
2021-07-23 00:00:00+00:00,0.1947643790021,0.1990875340903,0.1835400644911,0.19137329668201
2021-07-24 00:00:00+00:00,0.19731913045994,0.20395445295653,0.19165633978517,0.19443011627353
2021-07-25 00:00:00+00:00,0.19786368932667,0.20010509645428,0.19201706472874,0.19669731478447
2021-07-26 00:00:00+00:00,0.20441895722772,0.23276675944734,0.1970626777937,0.1980295782921
2021-07-27 00:00:00+00:00,0.20589885617073,0.20929260925627,0.19535021266398,0.20280824472121
2021-07-28 00:00:00+00:00,0.20539162690348,0.21320684721481,0.20239752141653,0.20618124286089
2021-07-29 00:00:00+00:00,0.20461877431625,0.20624005364281,0.20071573559694,0.20496792879985
2021-07-30 00:00:00+00:00,0.20882050616034,0.21023866758623,0.19653486374371,0.20487999367485
2021-07-31 00:00:00+00:00,0.20831411383552,0.2135476119086,0.20489664508206,0.2089845858831
2021-08-01 00:00:00+00:00,0.20443723701664,0.21754612869891,0.20138948321014,0.20684745815534
2021-08-02 00:00:00+00:00,0.20359977474092,0.20995925067197,0.20233773800816,0.20443046328508
2021-08-03 00:00:00+00:00,0.19596680100594,0.20496799453636,0.19399207262884,0.20333725508838
2021-08-04 00:00:00+00:00,0.20149014195973,0.20298068460468,0.19483060315879,0.19692806514496
2021-08-05 00:00:00+00:00,0.20097429289748,0.20231960286531,0.19475373658209,0.20119415205298
2021-08-06 00:00:00+00:00,0.20468795322229,0.21070235944738,0.19871832135191,0.20095988281261
2021-08-07 00:00:00+00:00,0.26034143491964,0.26034143491964,0.20399134543176,0.20485584431666
2021-08-08 00:00:00+00:00,0.24004496584471,0.27919419809971,0.236122883882,0.26231778307123
2021-08-09 00:00:00+00:00,0.2568968701065,0.2662651213465,0.23141030796122,0.24222317471408
2021-08-10 00:00:00+00:00,0.25732487747841,0.26279147550625,0.24567022548674,0.26024588609127
2021-08-11 00:00:00+00:00,0.2652627504481,0.28222125664135,0.25672740559267,0.2574236594318
2021-08-12 00:00:00+00:00,0.26392108839668,0.29297304258668,0.25277511482553,0.26387156126811
2021-08-13 00:00:00+00:00,0.28680800507019,0.28718087992353,0.26190713601324,0.26424897874887
2021-08-14 00:00:00+00:00,0.29311278488874,0.29799657798328,0.27762318022219,0.2887949441559
2021-08-15 00:00:00+00:00,0.34144116131688,0.34485457146471,0.28839618902283,0.29408615274372
2021-08-16 00:00:00+00:00,0.32071519427259,0.35080456148797,0.3117606381311,0.34016541136979
2021-08-17 00:00:00+00:00,0.29944189974167,0.33929395559446,0.29748596595272,0.31952532702859
2021-08-18 00:00:00+00:00,0.30373877534027,0.3239571733464,0.28201625554068,0.30223621616616
2021-08-19 00:00:00+00:00,0.31714371079086,0.31863886144861,0.29408842813805,0.30460570874053
2021-08-20 00:00:00+00:00,0.32749089708757,0.3324370139165,0.31443056814261,0.31613569427855
2021-08-21 00:00:00+00:00,0.31679723924581,0.32889561286979,0.31605001825735,0.32678510848512
2021-08-22 00:00:00+00:00,0.31496294012179,0.32136312944369,0.30657716273966,0.31652808956162
2021-08-23 00:00:00+00:00,0.31791398800356,0.32750427241371,0.31342112908239,0.3149539700526
2021-08-24 00:00:00+00:00,0.28873887417482,0.3194596461303,0.28081634682716,0.31861803851386
2021-08-25 00:00:00+00:00,0.29222559811609,0.29611762437284,0.27999529620722,0.28963005226915
2021-08-26 00:00:00+00:00,0.26890911663837,0.29586706879513,0.2656749489237,0.29304041340851
2021-08-27 00:00:00+00:00,0.2944326198644,0.29460097425208,0.26643976862708,0.26935104954909
2021-08-28 00:00:00+00:00,0.28562899201159,0.29917011895996,0.28327259598142,0.29562789099422
2021-08-29 00:00:00+00:00,0.28112545317091,0.29166324744203,0.27764535702773,0.28651346190101
2021-08-30 00:00:00+00:00,0.27212449872119,0.28887253018043,0.27073927423717,0.28156229166566
2021-08-31 00:00:00+00:00,0.27845330379236,0.28564800334164,0.27048804457667,0.27234353137583
2021-09-01 00:00:00+00:00,0.2944008485719,0.29480245835255,0.27352597508939,0.27596080989804
2021-09-02 00:00:00+00:00,0.29595541271094,0.30866576430297,0.29407333534988,0.29603687147498
2021-09-03 00:00:00+00:00,0.29627334610978,0.30449416414818,0.28926697383304,0.29475363235868
2021-09-04 00:00:00+00:00,0.29938788574951,0.30854496889808,0.29334195014276,0.29579747827715
2021-09-05 00:00:00+00:00,0.31452744654662,0.31470109650725,0.29685021758157,0.30062621004136
2021-09-06 00:00:00+00:00,0.30876531872228,0.31975057876959,0.30045122006507,0.3147903400848
2021-09-07 00:00:00+00:00,0.25374354348619,0.31102954096257,0.21652745228944,0.30849799476015
2021-09-08 00:00:00+00:00,0.25711291959845,0.26295641975324,0.23486387103307,0.25391204814421
2021-09-09 00:00:00+00:00,0.25259562454006,0.26200227681069,0.24927658393556,0.25921042351967
2021-09-10 00:00:00+00:00,0.23998157216483,0.26162240884521,0.23657854794994,0.25315975362211
2021-09-11 00:00:00+00:00,0.24143193122179,0.24801782987059,0.23848651774843,0.23982835555107
2021-09-12 00:00:00+00:00,0.25061651561776,0.25476415422621,0.23932910990974,0.24192195921708
2021-09-13 00:00:00+00:00,0.2359060572932,0.25203118999095,0.22944889945287,0.25101372339099
2021-09-14 00:00:00+00:00,0.24070905226899,0.24148132507743,0.23396173325041,0.23396173325041
2021-09-15 00:00:00+00:00,0.24769696663623,0.24801997783523,0.23921477738384,0.24059036661212
2021-09-16 00:00:00+00:00,0.24255475791414,0.24772064209763,0.23385911107102,0.24763448577748
2021-09-17 00:00:00+00:00,0.23992992548344,0.25881910680488,0.23832935546115,0.24209795875069
2021-09-18 00:00:00+00:00,0.24138616926771,0.24714749669801,0.23822762752128,0.24022295336043
2021-09-19 00:00:00+00:00,0.23314229304833,0.2412853460888,0.2316858880127,0.2412853460888
2021-09-20 00:00:00+00:00,0.2070708748853,0.23296340809558,0.20051769567933,0.23296340809558
2021-09-21 00:00:00+00:00,0.20102730068137,0.21809412419086,0.1982393032907,0.2082351187763
2021-09-22 00:00:00+00:00,0.2248584211704,0.22891100365715,0.20042003066227,0.20291680441044
2021-09-23 00:00:00+00:00,0.22493113319457,0.22709500263302,0.21811481883915,0.22399026144764
2021-09-24 00:00:00+00:00,0.20945103463895,0.22755774209954,0.19771974759066,0.22714171553953
2021-09-25 00:00:00+00:00,0.208640220964,0.21260419936626,0.20511167789683,0.20967511480782
2021-09-26 00:00:00+00:00,0.20496168895855,0.20906825153766,0.19462320670179,0.20872981125788
2021-09-27 00:00:00+00:00,0.20026162031457,0.20908859391705,0.20026162031457,0.20505064942288
2021-09-28 00:00:00+00:00,0.1968035217766562,0.20257889309171495,0.19646895683107,0.20000065142485
2021-09-29 00:00:00+00:00,0.198875733491002,0.20401725197647275,0.19526649492909,0.19662592563974
2021-09-30 00:00:00+00:00,0.20424377840908872,0.2055355674594433,0.1979372753709465,0.19880467765652404
2021-10-01 00:00:00+00:00,0.2230101830089058,0.22414272538979413,0.20210615566854,0.20451556991437
2021-10-02 00:00:00+00:00,0.21913318787021002,0.22485086934457887,0.2154933702502335,0.22311863766738432
2021-10-03 00:00:00+00:00,0.22174814793895223,0.22577880334581205,0.21635348420118772,0.2188112065046
2021-10-04 00:00:00+00:00,0.24085207195645678,0.2479241982325558,0.21328444855096,0.22135115579736
2021-10-05 00:00:00+00:00,0.25201555705594336,0.2668237581318615,0.23400492255984573,0.24153045926014
2021-10-06 00:00:00+00:00,0.2551337875485795,0.26974728732839,0.24309582826164475,0.25104959491283
2021-10-07 00:00:00+00:00,0.24292325639290807,0.25673877270324,0.23960707601583,0.25434045427942
2021-10-08 00:00:00+00:00,0.24385128223227318,0.2547637972379149,0.24169188971125,0.24262766600816846
2021-10-09 00:00:00+00:00,0.24659553845723897,0.25196563325528,0.24207823503921444,0.24261948767664449
2021-10-10 00:00:00+00:00,0.22980499650182537,0.2486144901535409,0.22862087304132,0.24617865052301466
2021-10-11 00:00:00+00:00,0.23150345956995197,0.23938067814571,0.22552071265701,0.22693100946345623
2021-10-12 00:00:00+00:00,0.22624205870237218,0.23171801988936785,0.21685207802086,0.23171801988936785
2021-10-13 00:00:00+00:00,0.23257196995462193,0.23377183608193494,0.22106102804671,0.22596837790478
2021-10-14 00:00:00+00:00,0.23227256223929496,0.23988049818219198,0.23178074420578,0.23303150538678
2021-10-15 00:00:00+00:00,0.23378172126767094,0.24346928656041,0.22574955914104,0.23217618343040114
2021-10-16 00:00:00+00:00,0.23729189493419517,0.24409641207484,0.23428253941603044,0.23445872684083588
2021-10-17 00:00:00+00:00,0.23789763480121032,0.2419729205175996,0.22780420866005,0.23719252653446
2021-10-18 00:00:00+00:00,0.24728093971225187,0.2713939994581761,0.23752424423919,0.23849575218112
2021-10-19 00:00:00+00:00,0.245788216092703,0.25380807917567616,0.2409440681852845,0.24748920926544
2021-10-20 00:00:00+00:00,0.2540929866704694,0.26155454087886,0.24238357797839166,0.24549524931953
2021-10-21 00:00:00+00:00,0.24239105223364113,0.2576848475754602,0.24227329364999498,0.25393788141447
2021-10-22 00:00:00+00:00,0.24422090992266648,0.25184833664681,0.23679879921111605,0.2435820810344085
2021-10-23 00:00:00+00:00,0.2517325266824333,0.25314029723453313,0.24158929799688,0.24451435709575
2021-10-24 00:00:00+00:00,0.2770480478952809,0.28187928877019075,0.24602810484883197,0.25105604373051
2021-10-25 00:00:00+00:00,0.2647069586212902,0.278905087683319,0.26093404883262,0.2747891575965789
2021-10-26 00:00:00+00:00,0.25573165403595843,0.27393459297757844,0.25422573304578,0.26528492978124
2021-10-27 00:00:00+00:00,0.2376896335553348,0.2632141546495905,0.22148303504086028,0.2549441080341904
2021-10-28 00:00:00+00:00,0.30044650825714725,0.3388429249761219,0.23369426089678433,0.23862352447079
2021-10-29 00:00:00+00:00,0.2878526717375301,0.30630795795333,0.27977108441089,0.30401456551304
2021-10-30 00:00:00+00:00,0.26834495993657626,0.29464701171059,0.2599876909862348,0.28596152077452364
2021-10-31 00:00:00+00:00,0.28024444814006216,0.28465196359831163,0.2542580163808662,0.2674444789732129
2021-11-01 00:00:00+00:00,0.27172776777901525,0.2849820886594853,0.2646583293432185,0.28012267819269
2021-11-02 00:00:00+00:00,0.2731213182933622,0.2798597923778951,0.26768166470259,0.27178046741252976
2021-11-03 00:00:00+00:00,0.2694067854870219,0.27699158764123183,0.26411706100787,0.274205858196445
2021-11-04 00:00:00+00:00,0.2632803240593549,0.27086490545032,0.25471122738280666,0.26978087521842603
2021-11-05 00:00:00+00:00,0.2614653443562379,0.27078873596482,0.2578878879186184,0.2636548066702
2021-11-06 00:00:00+00:00,0.2618981156965815,0.2671605877182511,0.25052114189029,0.26088042795796196
2021-11-07 00:00:00+00:00,0.26631461005209905,0.2692554875255786,0.2589669546002059,0.2615295162239503
2021-11-08 00:00:00+00:00,0.28235854955646594,0.29468297266569,0.2650809234131619,0.26692670355203224
2021-11-09 00:00:00+00:00,0.2735264977960857,0.28937643884525605,0.272854444591,0.28138400377586
2021-11-10 00:00:00+00:00,0.2557085341801267,0.2765565704930515,0.24558530247631788,0.27362700989771
2021-11-11 00:00:00+00:00,0.26116668945517135,0.26993166194796997,0.2536438380396109,0.25503019321602816
2021-11-12 00:00:00+00:00,0.2594143820143286,0.2666774692290987,0.25048247186594974,0.26097215305477794
2021-11-13 00:00:00+00:00,0.2619347181641196,0.2620193551083611,0.2546456532254327,0.25961810745438657
2021-11-14 00:00:00+00:00,0.26291150503407146,0.2699146755732492,0.2604604229382128,0.2611874715629333
2021-11-15 00:00:00+00:00,0.25652894214178923,0.26516989048233647,0.2563668789553843,0.26287001690636097
2021-11-16 00:00:00+00:00,0.23724930491289156,0.25544339580957376,0.2285885156625094,0.25544339580957376
2021-11-17 00:00:00+00:00,0.23748729507897898,0.24047199863999086,0.2306679512444535,0.23656589082191185
2021-11-18 00:00:00+00:00,0.2213826361881687,0.24109096730174473,0.21769256059022735,0.2376040604683506
2021-11-19 00:00:00+00:00,0.23310994599000673,0.23668054089990462,0.21673861139717643,0.22169337838955183
2021-11-20 00:00:00+00:00,0.23302393278412828,0.23595320583519616,0.22548305238223143,0.23317403564886457
2021-11-21 00:00:00+00:00,0.2263282245898278,0.23287752917463064,0.22567985351754075,0.23287752917463064
2021-11-22 00:00:00+00:00,0.21967566379852718,0.22753083579168928,0.21723556996202115,0.2257141750553691
2021-11-23 00:00:00+00:00,0.22651237881348826,0.23407953889545913,0.21477631508237036,0.21969166330485274
2021-11-24 00:00:00+00:00,0.2173321485498467,0.23024451676008306,0.21209344702218608,0.2273124127155111
2021-11-25 00:00:00+00:00,0.22099323222988781,0.22847340434709398,0.21464786234788713,0.21696980300760438
2021-11-26 00:00:00+00:00,0.20088722848404883,0.22145486859429292,0.1944156153048404,0.22145486859429292
2021-11-27 00:00:00+00:00,0.20534686735263366,0.2096127365605423,0.2016203032980868,0.20219792632713632
2021-11-28 00:00:00+00:00,0.20747229828869904,0.20747229828869904,0.19364372689876602,0.20529531632780887
2021-11-29 00:00:00+00:00,0.21517523761762994,0.22318918883652245,0.2033126746525994,0.20744357121588858
2021-11-30 00:00:00+00:00,0.21471451161931426,0.22688979479839605,0.2132511358684691,0.21587882065916006
2021-12-01 00:00:00+00:00,0.20948696248702361,0.21829682835738906,0.20639145956311533,0.21448679557579367
2021-12-02 00:00:00+00:00,0.20972639222873263,0.22255726702445774,0.20267872997185785,0.20948055446234498
2021-12-03 00:00:00+00:00,0.19999269761196764,0.21162479413659196,0.19560801566865413,0.20962911600532702
2021-12-04 00:00:00+00:00,0.17885323931084118,0.20050919401101044,0.1346414900188303,0.2003557909066844
2021-12-05 00:00:00+00:00,0.1712548381414901,0.18111602841125893,0.16320751859902274,0.17956505456070349
2021-12-06 00:00:00+00:00,0.1784004470755916,0.18003993391674467,0.15955760260411647,0.17100444743495727
2021-12-07 00:00:00+00:00,0.17680548038085028,0.18292567379580957,0.17551552469648546,0.17823477164292642
2021-12-08 00:00:00+00:00,0.17915085419477944,0.1821676878901908,0.17295320899548816,0.17660862017755918
2021-12-09 00:00:00+00:00,0.16948422293147977,0.18175839305600877,0.16948422293147977,0.17900411780268383
2021-12-10 00:00:00+00:00,0.16442180848456647,0.1746035759438664,0.16442180848456647,0.16995946267201015
2021-12-11 00:00:00+00:00,0.1690187431935765,0.1699493070984447,0.16181677936096642,0.16449867474931512
2021-12-12 00:00:00+00:00,0.16989065637388967,0.172899459498481,0.16589892185600347,0.16909000592201984
2021-12-13 00:00:00+00:00,0.15756490161087755,0.17061522041369095,0.15211656436294238,0.17045700829452826
2021-12-14 00:00:00+00:00,0.19098114631502172,0.21747725791879288,0.15557584003818478,0.15746456654050445
2021-12-15 00:00:00+00:00,0.1810821929466666,0.1899179809714282,0.1714184982972141,0.18953358301460974
2021-12-16 00:00:00+00:00,0.1734544632324435,0.18469681104232985,0.17323482943711832,0.18139138767728244
2021-12-17 00:00:00+00:00,0.16900983020649132,0.17655856560437755,0.16226816022632531,0.17327826007517227
2021-12-18 00:00:00+00:00,0.17239997670098803,0.17486974879332565,0.16624372549231825,0.16899493011520034
2021-12-19 00:00:00+00:00,0.16957607858491272,0.1741586912874535,0.16947327013398347,0.1722555022162369
2021-12-20 00:00:00+00:00,0.16732193157299743,0.17081933169722466,0.16149854975931557,0.1695260915156611
2021-12-21 00:00:00+00:00,0.17117529675780005,0.17234007215998481,0.166120886573654,0.1672260609803179
2021-12-22 00:00:00+00:00,0.17321356339941976,0.1791048064761983,0.17007665728300408,0.17158222104872736
2021-12-23 00:00:00+00:00,0.18449038755297262,0.18449038755297262,0.17173976664435892,0.17320874251875154
2021-12-24 00:00:00+00:00,0.186621672724921,0.19528962415515994,0.1799701361576849,0.18366749324080064
2021-12-25 00:00:00+00:00,0.19065727998399407,0.19477481194163493,0.18571038157465133,0.1864877888771619
2021-12-26 00:00:00+00:00,0.19001978047681858,0.1924831930533694,0.1856463826719633,0.19099391574506525
2021-12-27 00:00:00+00:00,0.18770542517917646,0.19292278521289144,0.1872620634578118,0.1901876048033932
2021-12-28 00:00:00+00:00,0.17411699364080474,0.18742549820440657,0.17312753328483788,0.18742549820440657
2021-12-29 00:00:00+00:00,0.16776534796981135,0.17733920078759624,0.1670724206036767,0.1746033704590782
2021-12-30 00:00:00+00:00,0.17131335875232495,0.1756080622154539,0.1653812622311538,0.16813747537796078
2021-12-31 00:00:00+00:00,0.1704961860008305,0.1752940481248926,0.1673073882743149,0.1711123920816144
2022-01-01 00:00:00+00:00,0.17303537359730936,0.17342304065409953,0.17035342286420396,0.17088000737946551
2022-01-02 00:00:00+00:00,0.17440301595458643,0.17598869824160157,0.17126754858417384,0.173116769247254
2022-01-03 00:00:00+00:00,0.17008817267826692,0.1743998998686522,0.16837792236719606,0.1743998998686522
2022-01-04 00:00:00+00:00,0.16880401874949225,0.172336179023324,0.1681335199523423,0.17017636265392755
2022-01-05 00:00:00+00:00,0.1594202620477355,0.17069583815074987,0.15237445619710457,0.16883462330290358
2022-01-06 00:00:00+00:00,0.16021315252016302,0.16152592611815034,0.15514221715965237,0.15894602132189678
2022-01-07 00:00:00+00:00,0.15502318371028415,0.16029500735283667,0.1514464665947139,0.16022018839060825
2022-01-08 00:00:00+00:00,0.15195361625488796,0.1576805399635432,0.14767056834536643,0.15552998838796092
2022-01-09 00:00:00+00:00,0.15106487274898908,0.15370344882444703,0.14960667565596442,0.15197610658244812
2022-01-10 00:00:00+00:00,0.14335938239947077,0.15204852798089286,0.13984047927786492,0.15104375773380024
2022-01-11 00:00:00+00:00,0.15339949776729445,0.16462106149395156,0.14264689998811553,0.14317790570389663
2022-01-12 00:00:00+00:00,0.16165159802500706,0.16165159802500706,0.15209522326233035,0.1536406553005357
2022-01-13 00:00:00+00:00,0.1720427239973396,0.17458197880854054,0.16158387033222119,0.16241330327082273
2022-01-14 00:00:00+00:00,0.18354859375642577,0.2032319440524906,0.17128285462445683,0.17128285462445683
2022-01-15 00:00:00+00:00,0.1851025174032022,0.19348512495991177,0.1826757313198441,0.18386240950628202
2022-01-16 00:00:00+00:00,0.17717555823264503,0.1848510228964987,0.17532681403488862,0.1848510228964987
2022-01-17 00:00:00+00:00,0.17114540378417156,0.17781144985652414,0.16694646658738066,0.17725477187442185
2022-01-18 00:00:00+00:00,0.16548515021878513,0.1736505054352468,0.16256640754329893,0.17107966926223783
2022-01-19 00:00:00+00:00,0.16235550065417695,0.1686468685658684,0.16012176136844652,0.1655270982117459
2022-01-20 00:00:00+00:00,0.15520380148202467,0.16881015418057402,0.15520380148202467,0.16239284918105212
2022-01-21 00:00:00+00:00,0.14264019803751044,0.15707418922068642,0.1418794698889249,0.15525508481840494
2022-01-22 00:00:00+00:00,0.1327455700630266,0.14502721755559286,0.12281640882793868,0.14295322739766755
2022-01-23 00:00:00+00:00,0.14186327694533474,0.14284823634583124,0.13287233133960288,0.13312954532694513
2022-01-24 00:00:00+00:00,0.13779793112086208,0.14185457383847147,0.1272728392332741,0.14185457383847147
2022-01-25 00:00:00+00:00,0.1430487355891271,0.14708770141689653,0.13325198270534544,0.1373471515043131
2022-01-26 00:00:00+00:00,0.14378889132487435,0.1518755374879511,0.1421920932606823,0.14307408965736948
2022-01-27 00:00:00+00:00,0.14124734422261498,0.14500957288797411,0.13694668137638077,0.1432982929420441
2022-01-28 00:00:00+00:00,0.14165626725441913,0.14235860822400215,0.13840496020936868,0.14142504450468418
2022-01-29 00:00:00+00:00,0.14304128141054473,0.14393390775694928,0.141484443076887,0.14152962098377664
2022-01-30 00:00:00+00:00,0.13947116348543132,0.14351509074652904,0.13875426960195328,0.14302531794624845
2022-01-31 00:00:00+00:00,0.14180514311231845,0.14226449306844796,0.13689627155680278,0.13944424655775584
2022-02-01 00:00:00+00:00,0.14263109238138827,0.1440871901792611,0.14114654464359827,0.1417354535586342
2022-02-02 00:00:00+00:00,0.13723486996362372,0.14525268637077157,0.13694888007765654,0.14262555367481444
2022-02-03 00:00:00+00:00,0.13754057356200095,0.13874443288238758,0.1355739141096018,0.13721280884391124
2022-02-04 00:00:00+00:00,0.14750303597685238,0.14754293481685213,0.13725391698549638,0.13770596772378949
2022-02-05 00:00:00+00:00,0.14714067075361242,0.15013985248624825,0.1455373335657645,0.14753292523708117
2022-02-06 00:00:00+00:00,0.15377046651625575,0.15463622235148108,0.14526839548624434,0.14716927163130555
2022-02-07 00:00:00+00:00,0.16585787609590605,0.17158614350640983,0.15178072177816224,0.15387877578115827
2022-02-08 00:00:00+00:00,0.15840536766981098,0.16914547610025918,0.15383432902952035,0.16559823548770725
2022-02-09 00:00:00+00:00,0.1591225644568664,0.16070445969408584,0.15512643307719567,0.15831567512919675
2022-02-10 00:00:00+00:00,0.15188910622186183,0.16043674148324036,0.15152954884182496,0.1593419982241064
2022-02-11 00:00:00+00:00,0.14484713074266942,0.15394191938605908,0.143416357571034,0.1517466758381094
2022-02-12 00:00:00+00:00,0.14440467671927945,0.14698993530350435,0.14169303920515977,0.14485326025594866
2022-02-13 00:00:00+00:00,0.14894788130950798,0.1573538887613368,0.14413387097044292,0.1443892580194353
2022-02-14 00:00:00+00:00,0.1460025424514483,0.15012525278502545,0.1436652290222223,0.148503420372539
2022-02-15 00:00:00+00:00,0.15176092285418566,0.1521767107017153,0.14521584077022107,0.14599562969552013
2022-02-16 00:00:00+00:00,0.14909546103713894,0.15162234637936117,0.14682910273343971,0.15162234637936117
2022-02-17 00:00:00+00:00,0.13855208704081137,0.149861915505747,0.1381146521193866,0.149049514386613
2022-02-18 00:00:00+00:00,0.13876807038461314,0.1420916297307753,0.13698922082518217,0.13834966316460193
2022-02-19 00:00:00+00:00,0.14120562499384456,0.14569064356982672,0.13875122791741773,0.13875122791741773
2022-02-20 00:00:00+00:00,0.13686789682075226,0.1411020905643506,0.13590001890122924,0.1411020905643506
2022-02-21 00:00:00+00:00,0.12849029895433156,0.1412337568878658,0.12849029895433156,0.1366144308169928
2022-02-22 00:00:00+00:00,0.1315526841314899,0.13162070908092552,0.12547598070873558,0.1288304006892071
2022-02-23 00:00:00+00:00,0.12784618017727403,0.13533706847693905,0.12784618017727403,0.13156079635854936
2022-02-24 00:00:00+00:00,0.12381270293816662,0.12769158885990478,0.10955493577892655,0.127631294591076
2022-02-25 00:00:00+00:00,0.12757558878490896,0.12807987212716324,0.12102028779232171,0.12384261161704302
2022-02-26 00:00:00+00:00,0.12764674268327764,0.13000413507343397,0.1262274057098983,0.12763870179936193
2022-02-27 00:00:00+00:00,0.12311146791768772,0.12815568503588023,0.12208117842812152,0.12767065455186916
2022-02-28 00:00:00+00:00,0.13315646112635254,0.13433691671309533,0.12200680165536448,0.12304710514535619
2022-03-01 00:00:00+00:00,0.13393800484793444,0.13771360673740624,0.13046212603574944,0.13397609186792045
2022-03-02 00:00:00+00:00,0.1329898838035507,0.13621363996355773,0.13123187752318322,0.1338923306648156
2022-03-03 00:00:00+00:00,0.12961018746704023,0.13362343853960962,0.12781047443897797,0.13299795844071405
2022-03-04 00:00:00+00:00,0.12259107030328173,0.12984778409834224,0.12154446782706817,0.12962984466278146
2022-03-05 00:00:00+00:00,0.12499555537435077,0.12535845059605513,0.12157182714208184,0.12266781969816656
2022-03-06 00:00:00+00:00,0.1207655196725811,0.12546689194068436,0.12038389368016532,0.12504816933279098
2022-03-07 00:00:00+00:00,0.11710471570540014,0.12256309536062734,0.11501512076475495,0.12092251310360805
2022-03-08 00:00:00+00:00,0.11702929320429481,0.11972406352452054,0.1158471819233728,0.11704482808951248
2022-03-09 00:00:00+00:00,0.12158787404685807,0.12364741880351883,0.11676822032938146,0.11711516810747842
2022-03-10 00:00:00+00:00,0.11688514128142949,0.12160446139643878,0.11553218968567924,0.12137569731717207
2022-03-11 00:00:00+00:00,0.11560221655565617,0.11821333778812305,0.11467170948179384,0.11691337917830091
2022-03-12 00:00:00+00:00,0.1151357158621145,0.11722187694460054,0.1151357158621145,0.11560780955206384
2022-03-13 00:00:00+00:00,0.11160812704397338,0.11622866479668645,0.11068603509672008,0.11508028632801316
2022-03-14 00:00:00+00:00,0.1140477882839475,0.11896728984362745,0.11097385480568281,0.11160702747046551
2022-03-15 00:00:00+00:00,0.11278380941711584,0.11421313661653205,0.11093693726833488,0.11404291347924819
2022-03-16 00:00:00+00:00,0.11690839355562355,0.11690839355562355,0.11255560485237898,0.11274323659963224
2022-03-17 00:00:00+00:00,0.11650192034794105,0.11865804982654349,0.11628587957737928,0.1169065531417788
2022-03-18 00:00:00+00:00,0.11930573606679294,0.11937477972373989,0.1146074483737597,0.11632977782378903
2022-03-19 00:00:00+00:00,0.1235686002068555,0.12432468733409355,0.1185422709898334,0.11918274024883668
2022-03-20 00:00:00+00:00,0.11915384547092339,0.12391411676485811,0.11800172662737533,0.12373050345145234
2022-03-21 00:00:00+00:00,0.11933943375602099,0.12128925939300451,0.11853160963492268,0.11914563292731707
2022-03-22 00:00:00+00:00,0.12250168755147539,0.12534990146830136,0.11901433109357916,0.11938834185358956
2022-03-23 00:00:00+00:00,0.12972720753177863,0.13033511606931916,0.1213742797279018,0.12248653146009827
2022-03-24 00:00:00+00:00,0.1365499417624983,0.1405553428231642,0.12845479674849208,0.1297403590201803
2022-03-25 00:00:00+00:00,0.13101309270478292,0.13726181204653512,0.12878242938324055,0.13671957024743303
2022-03-26 00:00:00+00:00,0.13586753162564566,0.136479180402674,0.1299632196074785,0.13095718970648695
2022-03-27 00:00:00+00:00,0.1447315347951122,0.1448581524328817,0.13570263695761328,0.13592551307265718
2022-03-28 00:00:00+00:00,0.14265726155963335,0.15226394345369434,0.1424565890256809,0.14461046391353996
2022-03-29 00:00:00+00:00,0.14446959230357379,0.14846111564982706,0.1418116790700397,0.14250010552603873
2022-03-30 00:00:00+00:00,0.14321007424191914,0.14482357084630332,0.14007511264538586,0.14396438435143813
2022-03-31 00:00:00+00:00,0.1378260661120048,0.1471390942070072,0.1371724635942774,0.1431046697177823
2022-04-01 00:00:00+00:00,0.1413154515453858,0.14228340502823772,0.1334514112097157,0.13792167777469105
2022-04-02 00:00:00+00:00,0.13891290401426895,0.14406498505102674,0.13891290401426895,0.14131002827823436
2022-04-03 00:00:00+00:00,0.14645314292660686,0.14855751436026357,0.13713357271560492,0.13905393990329704
2022-04-04 00:00:00+00:00,0.14859089917298604,0.15531221696697423,0.14211732560575946,0.14582234992695026
2022-04-05 00:00:00+00:00,0.17290653025371433,0.17784244094309776,0.14784948901987782,0.1485969565480247
2022-04-06 00:00:00+00:00,0.14341663276929428,0.1732939654667351,0.14335637499491863,0.17262387686263703
2022-04-07 00:00:00+00:00,0.14610206786738109,0.1480281045840985,0.14131154348331795,0.14417392662234896
2022-04-08 00:00:00+00:00,0.14254862124778708,0.15270311670827844,0.1416084766807886,0.14605207033284806
2022-04-09 00:00:00+00:00,0.14430616271226795,0.1444624647776348,0.14141649011388058,0.14260296164527553
