datetime,BTCUSD_close,BTCUSD_high,BTCUSD_low,BTCUSD_open,ETHUSD_close,ETHUSD_high,ETHUSD_low,ETHUSD_open,DOGEUSD_close,DOGEUSD_high,DOGEUSD_low,DOGEUSD_open
2021-01-01,29374.15188907,29594.35158927,28816.444066762197,28994.00891641069,730.36756913,748.88163069,719.79225795,737.7083777778028,0.00568496,0.00568496,0.00461583631369,0.00467808209881
2021-01-02,32127.26793922,33155.118819421725,29115.168570081747,29376.45583414012,774.53496804,786.7521405743627,719.60124785,730.4026732932081,0.01061451,0.01328770120827,0.00559888284238,0.00569382401218
2021-01-03,32782.02446581,34596.0547606818,32055.917694279156,32129.407355601244,975.50767291,1006.5284339814968,771.5616454797407,774.511864974735,0.00977052,0.01375015,0.0094149,0.01052443072046
2021-01-04,31971.91352155,33432.592143811155,28722.75527058,32895.56311756893,1040.23304833,1152.82766392,912.30533777,982.001164161216,0.00976719,0.01133864434033,0.00791094,0.00984037466214
2021-01-05,33992.42934365,34437.590591803695,30261.62619549,32177.46713110628,1100.00609944,1123.10028972,988.1479711359711,1060.279090269242,0.0099204,0.01020328,0.00897584,0.00976688488604
2021-01-06,36824.36441009,36862.67691533132,33570.45123566861,34071.476024177195,1207.11223389,1209.4285477517703,1064.233350833936,1105.078540580315,0.01046514,0.01079124592082,0.00972784,0.01003225253047
2021-01-07,39371.04235311,40114.68232596,36597.310724590985,36842.62458650817,1225.67813488,1282.24960052,1171.98339381,1211.49398901875,0.00974244,0.01052859583051,0.00916241454321,0.01045203573126
2021-01-08,40797.61071993,41941.56454891,36838.63599636845,39389.992699569295,1224.19714489,1273.82750425,1076.0815357726417,1226.0021963459285,0.00984637,0.01026178,0.00898862752157,0.00976181239497
2021-01-09,40254.54649816,41427.55484278,38980.87690625,40741.45594321101,1281.07729102,1300.2834637100125,1184.15114233,1222.3059737485976,0.01019416,0.01074016098677,0.00974038,0.00978897690944
2021-01-10,38356.43950662,41420.19103255,36022.61212982,40254.21779757935,1262.24666381,1346.54244133,1194.71559903,1280.871042751054,0.00985959,0.01085596121103,0.00917681,0.01022336322091
2021-01-11,35566.65594049,38258.17316454735,30568.82111473,38258.17316454735,1090.14537315,1257.3147412125209,924.92258485,1257.3147412125209,0.00883453,0.00981875478889,0.00677014,0.00981875478889
2021-01-12,33922.9605815,36568.52697413702,32791.08129357,35470.64794681023,1043.43458391,1149.24028662,1015.72255832,1087.9253403390346,0.00806287,0.00914451,0.00790473587118,0.008778
2021-01-13,37316.35939997,37599.96059774,32619.52717890885,34017.81750843523,1130.73940242,1133.59576082,999.6311302722406,1049.3977441758077,0.00861635,0.00863776,0.00778985,0.00807041738215
2021-01-14,39187.32812109,39916.52979564674,36868.5632453,37412.38083359764,1218.45297846,1244.16302773,1093.80430836,1130.7274675123765,0.00939673,0.00999574734323,0.00834908,0.00868075024571
2021-01-15,36825.36585131,39569.89666505958,34681.911883294284,39160.79037971,1171.83461074,1250.43798491,1090.8215399767428,1232.31960774,0.00936903,0.0097696,0.00846978,0.00939348
2021-01-16,36178.13890106,37850.18750942,35654.5751849,36821.64873200884,1233.53756838,1287.7812597213797,1162.816270702467,1171.4430604924437,0.00926465,0.00952494,0.00914228227058,0.00936656915046
2021-01-17,35791.27792129,36686.08125474284,34069.32218533,36163.649232430245,1230.17227237,1265.644692988733,1174.38858189,1233.4533584734656,0.00906651,0.00936668355953,0.00884139813481,0.00922982617897
2021-01-18,36630.07568284,37293.90817279,34908.21387433,35792.236667659105,1257.27950247,1258.731371031156,1192.22272453,1230.3132854343005,0.0091711,0.00929433,0.00899157,0.00912338953127
2021-01-19,36069.80639361,37712.36641101,36069.80639361,36642.23272356583,1377.29584154,1431.2483572729811,1254.5229925258875,1257.434542735648,0.0090982,0.00961281,0.00902368,0.00917722226171
2021-01-20,35547.7508855,36376.57621064692,33594.35433511,35910.87562176554,1382.27409433,1405.73199718,1243.2999740439102,1368.3112077606768,0.00906009,0.00915288324191,0.00853094,0.00905384716861
2021-01-21,30825.69850603,35529.43060459345,30330.05516700827,35529.43060459345,1121.57091957,1379.919190812344,1110.69285992,1379.919190812344,0.00816632,0.00908936,0.00806404728087,0.00908936
2021-01-22,33005.76356216,33807.21242335,28953.372750999093,30618.76224941801,1236.51220729,1271.14667711,1046.5965794567037,1107.361339598294,0.0085235,0.00876921,0.00765988,0.00812101
2021-01-23,32067.64288212,33352.211246101244,31514.44340575,32741.768427369367,1230.99063605,1272.15107388,1202.0411988279177,1224.947458997893,0.00857912,0.00880799,0.00838848,0.00849579
2021-01-24,32289.37808687,32938.76632181288,31106.68577002,32022.82917325514,1391.60940757,1394.8390352696313,1225.86722538,1231.668594732615,0.00872708,0.00894847,0.00851582,0.00851582
2021-01-25,32366.39304887,34801.24589925,32159.85516782,32305.821331218754,1324.414778,1466.42072509,1311.59315486,1391.132859675497,0.00838293,0.00887891,0.00827601,0.0086957
2021-01-26,32569.84955679,32794.5495902,31030.26596571,32102.07653413,1357.0581398,1374.9748825239467,1253.3403247949364,1318.42130152,0.00825458,0.00845550384223,0.00802230535232,0.00838200243369
2021-01-27,30432.54707881,32523.758256311343,29370.64444325,32523.758256311343,1253.18713315,1368.07405925,1215.31125838,1367.1808768007984,0.0074815,0.00825911248471,0.00730882,0.00825911248471
2021-01-28,33466.09635821,33858.31099229,30040.67622428,30440.30963534,1332.49224455,1356.285524284389,1228.72436967,1245.97650896,0.03408356,0.03417659384305,0.0073716,0.00748060850836
2021-01-29,34316.38765032,38372.03122081,32064.814186749347,33739.90272711,1382.52281244,1426.31322837,1293.54185321,1338.12704072,0.04716157,0.07797325,0.03316782,0.03444795
2021-01-30,34269.52154165,34825.10971016,33019.0407545,34398.20523832,1376.11553895,1402.13812974,1330.85187026,1386.96012179,0.02817592,0.04980709532202,0.02256411901183,0.04680256402098
2021-01-31,33114.35774753,34271.03573117,32316.802838805477,34103.74931644,1314.9862286,1378.302531015034,1291.7005183,1371.62682919,0.03719621,0.04528851,0.02719349,0.02739877
2021-02-01,33940.89480922,34622.94126956,32387.17789757,32945.66787152,1332.95859544,1341.7613644015846,1274.96888989,1302.86287781,0.04043412016049,0.04325,0.03500801,0.03705358645781
2021-02-02,35510.28903716,35857.523924792455,33567.28926556,33567.28926556,1515.19376962,1542.99094561,1409.7172095995495,1421.69153912,0.03152025,0.03402292128831,0.03046768,0.03208965
2021-02-03,37472.09010368,37472.09010368,35443.982726227434,35510.82121346216,1660.909542,1660.909542,1510.1296078403388,1514.7696231683542,0.03712003,0.03898548495411,0.03114623,0.03139155910147
2021-02-04,36926.06446515,38548.92532993,36329.44018555482,37683.91979380173,1594.76269414,1687.6254598494052,1561.85349322,1668.7794529760547,0.05328933,0.05770455,0.03595057,0.03722574045703
2021-02-05,38144.30686267,38205.43651938,36698.07726897,36939.483046829366,1718.65087218,1755.6126489957326,1597.359649552062,1598.0497960759983,0.04693473,0.05367860877415,0.04353977,0.04997774
2021-02-06,39266.01073494,40815.56409798032,38195.58095638666,38195.58095638666,1677.84684697,1737.8798437820872,1650.1648222,1716.1612579183309,0.05759472,0.05826061,0.04509529,0.04680439003127
2021-02-07,38903.44147971,39620.66290216,37446.15388489,38963.16712796343,1614.22782334,1690.03665184,1501.75027529,1674.6453298158292,0.07878179,0.08416813612673,0.05431356,0.05750160886006
2021-02-08,46196.46371944,46196.46371944,38080.92276508,38845.565402082175,1746.61684904,1770.590780167381,1573.2737836766603,1611.9206927487285,0.07882511,0.08494506,0.06470162574995,0.07594271383756
2021-02-09,46481.10423596,47899.58772499,45166.96004492,46346.34769214359,1768.03501655,1815.96356989,1711.62055635,1751.657482584526,0.07006957,0.0831277,0.06594912,0.07846214000566
2021-02-10,44918.18449192,47125.3384129859,43909.73163303,46430.3934684398,1744.24343196,1826.041256019585,1687.85346118,1769.744735419094,0.07289631,0.08082938,0.06875023788176,0.07031214461216
2021-02-11,47909.33119483,48447.695341,44192.11562264,44682.82217305313,1783.79795026,1805.349800966616,1709.66083477,1736.07896275721,0.06967585,0.0743014,0.06843016702378,0.07284431145954
2021-02-12,47504.85118326,48700.08269344,46424.97781781,48080.81839959,1843.53258814,1861.10189416,1744.53087413,1788.1502385,0.07006853,0.0724242,0.06174528,0.06965016452726
2021-02-13,47105.51747252,47980.18319843375,46392.28233345,47397.506590173485,1814.10985253,1870.8599251547305,1770.6380775175978,1846.430836795656,0.06644953,0.07164625,0.06613514,0.07029072
2021-02-14,48717.2902111,49485.17311195,47119.39011111048,47184.52240529422,1805.08404652,1848.15405872,1790.56729401,1815.5846748933643,0.06253697,0.06636924951944,0.0567230653685,0.06636924951944
2021-02-15,47945.05683234,48875.57161074181,46347.47709171,48696.536659929225,1779.79097807,1833.83057195,1688.36385661,1804.6767804581975,0.05659087,0.06380278,0.04859039,0.06253529529054
2021-02-16,49199.87134362,50335.71618308,47236.5518100443,47935.1914876598,1781.06747722,1824.3765815684376,1730.9985837699353,1780.9444053209177,0.05352025,0.05965527222469,0.05098287120628,0.0565287339444
2021-02-17,52149.00753587,52530.01307129394,49098.93426383335,49230.67388923003,1848.4582725,1851.552486760785,1739.14632568,1783.0625112273576,0.04937563,0.05498263,0.04803488709234,0.05344925
2021-02-18,51679.79669449,52474.10724863179,51123.45505503859,52223.23808099802,1937.44925643,1949.903391862247,1852.740884128712,1852.740884128712,0.05954129,0.06145155,0.04900906,0.0500309
2021-02-19,55888.13368221,56113.65054685183,50937.27572157,51653.81382594588,1960.16474353,1969.3740469893423,1898.1796166521308,1940.8564323422415,0.05513934,0.05949659,0.05431522,0.05949659
2021-02-20,56099.52051348,57483.40919814287,54667.59175422,55951.37531705263,1919.5340028,2036.28649332,1832.80521376,1959.8521906988224,0.05438446,0.05992907593438,0.05179171,0.05513455303524
2021-02-21,57539.9436679,58330.57214185,55676.04477246153,56008.060839275466,1935.60106022,1974.22938285,1891.56252829,1916.4156239942183,0.05597983,0.0581893,0.05355587055865,0.05414077495419
2021-02-22,54207.31906543,57532.31231336,48967.56518819,57512.64426207982,1781.99297558,1935.0006415161736,1580.62655281,1935.0006415161736,0.05372515,0.06046605,0.04709622,0.05607684
2021-02-23,48824.42686909,54183.70809475817,45452.87404976681,54183.70809475817,1570.20392529,1780.296347325548,1385.8845641574403,1780.296347325548,0.04739205,0.05371020209134,0.04256763575886,0.05371020209134
2021-02-24,49705.33331637,51247.36318899898,47218.35555219462,48906.63963658919,1626.57570543,1706.9387487410008,1511.44182802558,1577.02270383095,0.05655541,0.05987291,0.04626753,0.0475909
2021-02-25,47093.85301914,51927.27602397344,47093.85301914,49709.08242475645,1475.70373513,1669.1357445112526,1468.77372604,1625.39388180758,0.05016734,0.05777300967077,0.04992347,0.05686279788355
2021-02-26,46339.76008289,48370.78525976,44575.41635464,47142.89239026279,1446.0336503,1559.02889087,1410.83043775,1483.895099721817,0.05047986,0.0524721,0.0487683,0.04998835566631
2021-02-27,46188.45127539,48208.88780350402,45269.0257658,46344.7722373413,1459.97312093,1524.35142909,1434.53885519,1446.9294549746608,0.0500829,0.05190207,0.04929685,0.05052706667293
2021-02-28,45137.77046805,46711.84756146646,43343.45857851,46194.01635185693,1416.0489059,1468.3915100691472,1301.65879038769,1459.860434741861,0.04805151,0.05013177,0.04508753,0.05012240637887
2021-03-01,49631.24137077,49773.18922304,45125.10718387234,45308.47167451635,1564.70764686,1567.6945563516658,1416.416184615261,1424.3978476265108,0.05059866,0.05147869314944,0.04802913,0.04825084703297
2021-03-02,48378.98805435,50111.10562480771,47228.84534568842,49698.87226694,1492.60881427,1596.3737159986026,1462.183845415722,1568.28552677,0.05026221,0.05238174,0.04929915,0.05059612405642
2021-03-03,50538.24341445,52522.24911288557,48276.38606021,48408.51901813,1575.85312451,1650.36055219,1481.9671088,1488.04604194,0.05059207,0.05212614,0.05008211,0.05027799957657
2021-03-04,48561.1661539,51724.20126156082,47656.92904602537,50383.58213215687,1541.91428551,1622.6457217660598,1511.1034334828587,1567.959876734917,0.05004843,0.05108673,0.04787886775306,0.05044230163843
2021-03-05,48927.3045548,49396.43086209414,46542.51494044,48527.0319807432,1533.27497556,1547.42244314,1451.937593781405,1541.541736103473,0.04960851,0.05064863860942,0.04816019223324,0.04998297769629
2021-03-06,48912.38173056,49142.05914912186,47270.69898443,48869.020363028045,1654.74151694,1669.10656145,1519.1410727,1531.0968893903878,0.05098429,0.05237435,0.04938261,0.04958670605773
2021-03-07,51206.69295308,51298.15119088,48918.680264898496,48918.680264898496,1723.15379607,1730.9241804726128,1637.327310663934,1655.39239561839,0.05212174,0.05212174,0.0505729,0.05097129772217
2021-03-08,52246.52230995,52314.0688013659,49508.37715258,51231.45404949706,1834.72788609,1835.1314876917315,1671.1465364291726,1739.540792181175,0.06194928,0.06194928,0.05167218,0.0523026
2021-03-09,54824.11781138,54824.11781138,51987.85248741,52383.81716880824,1868.04878133,1868.04878133,1804.266414885488,1834.8373781666328,0.05799823,0.06219131355815,0.05605630746608,0.06219131355815
2021-03-10,56008.54940114,57231.299287,53290.89116852,54893.72070434047,1799.16622355,1873.8032620767365,1767.142344158803,1871.5399638010208,0.05600395,0.05861615350512,0.0547148,0.05798645
2021-03-11,57805.12301924,58087.23759599083,54498.78925516,55767.66298235,1826.19498661,1843.8188328,1734.61712528,1778.98527892,0.05591786,0.05666141,0.05450212,0.05597714795038
2021-03-12,57332.08896391,57996.61948977,55376.65008849939,57880.49280073188,1772.10247833,1839.49727601,1729.4938499955108,1830.0072708031348,0.05534893,0.05697972,0.05451290800624,0.05603001518189
2021-03-13,61243.08476552,61683.86401412,56226.42143717,57300.35138699427,1924.68543997,1937.465661901505,1734.52844953,1769.0950257985885,0.06243198,0.06243198,0.05475620932737,0.05530758354788
2021-03-14,59302.31697742,61578.28844422,59302.31697742,61116.91189611759,1854.56437805,1929.7951382,1845.69523512,1920.3014780403632,0.0585919,0.06296085,0.0585919,0.06211900333719
2021-03-15,55907.20022619,60540.99271158,55434.659382899285,59083.02204661848,1791.70230241,1889.19662834,1750.40190159,1850.4415268649605,0.05708768,0.05968146,0.05515188722408,0.05837005
2021-03-16,56804.90123161,56804.90123161,53571.18611603,55840.786514365485,1806.9717631,1816.68465938,1720.24738358,1792.4137614219028,0.0586074,0.05891177,0.05550992,0.05702371197443
2021-03-17,58870.89333325,58936.85556113004,54534.98050609207,57113.08789619074,1823.44937973,1839.686792875319,1749.1799726,1809.974952270605,0.05765313,0.0588661,0.05647326620254,0.05860954355772
2021-03-18,57858.92070527,59986.84365948146,54253.58000473,59320.56750464618,1782.85512445,1848.4953364640623,1709.93227885,1833.715688064876,0.05738277,0.05878455539062,0.05428897234229,0.05768526
2021-03-19,58346.65297359,59498.37646021,56643.701485883954,57701.48849520469,1817.62409241,1841.19607365,1746.4733548936642,1777.5247785236506,0.05832836,0.05969916,0.05660703828675,0.057296
2021-03-20,58313.64260857,59986.67277885,58213.29736374868,58279.29049253705,1812.63460132,1874.70899723,1812.2069052,1816.4842267937424,0.05896063,0.06049065952938,0.05812032088171,0.0582258891644
2021-03-21,57523.42098673,58754.95425807,56049.37686462,58283.385557746056,1788.21700883,1822.84452743,1764.693625062312,1810.986980692664,0.05723426,0.05952116903265,0.05679761,0.0588743249215
2021-03-22,54529.14561107,58387.94270337,54341.80529016,57517.89148832647,1691.33401831,1810.61949708,1676.13254643,1788.36217792661,0.0549616,0.0577252,0.0549616,0.05725867545353
2021-03-23,54738.94493032,55985.44014057889,53476.52792794627,54322.16396981641,1678.65013849,1725.108806814807,1662.8453295594393,1683.7474883790703,0.05355558,0.056068687733,0.05301448,0.05456071
2021-03-24,52774.26369049,57255.88815079,52598.59317756694,54625.4742127477,1593.4134567,1740.245317636414,1571.14123392,1676.4224199601897,0.05170175,0.05648813253085,0.05124163,0.05344684160337
2021-03-25,51704.1619252,53392.26215733288,50856.56868539912,52726.74556859561,1595.359192,1625.6444548,1560.37046253,1593.123260254935,0.05144848,0.05240657,0.04969786,0.05169855039419
2021-03-26,55137.31372578,55137.31372578,51617.373593698816,51617.373593698816,1702.84201957,1702.8420195728506,1595.8505148616202,1595.8505148616202,0.05395158,0.05401595,0.05133484422494,0.05133484422494
2021-03-27,55973.51084173,56547.63833282189,54258.08097880605,55432.6417661,1716.49461243,1731.84388255,1674.9164057359117,1712.70525845,0.05437709,0.0554292677623,0.05353012674723,0.05425786
2021-03-28,55950.7457745,56605.704062,55071.11199378,55985.19593160418,1691.35596451,1728.5269466807642,1672.7776055,1717.3379956348583,0.05369841,0.05474952,0.05301326,0.05443657520887
2021-03-29,57750.19987147,58335.00091622,55139.34175908992,55959.20509871,1819.68496282,1836.68824883,1683.71660162,1691.20285682,0.05405164,0.05465075,0.0531795,0.05372894
2021-03-30,58917.6930451,59447.22403098,57271.34755339,57727.85996809386,1846.03369779,1860.7151496095048,1793.92233066,1821.2396614337763,0.05390039,0.05543422,0.05370192,0.05403945319586
2021-03-31,58918.83271375,59898.37804111,57726.41877444,58969.00084509675,1918.36206064,1945.773631846156,1793.0022286,1846.356115862972,0.05365728,0.05446841610403,0.05233315,0.05376186872352
2021-04-01,59095.80797806,59586.0722493,58506.50975735664,59024.49607645794,1977.27688844,1988.522168865678,1912.52865357,1929.1684950249848,0.06198606,0.06959599,0.05365584,0.05377780879027
2021-04-02,59384.3133586,60265.51160232141,58899.75176885918,59075.85680097775,2143.22563228,2152.45194993,1962.02901795,1973.7277408914551,0.05766378,0.0617595,0.0573642,0.0617595
2021-04-03,57603.88917376,60079.34971473281,57603.88917376,59380.44885879,2028.4224386,2144.84495957,2028.4224386,2144.84495957,0.0558036,0.05934822638887,0.0558036,0.05751839
2021-04-04,58758.55629127,58908.07660332,57179.4664017173,57450.02599678441,2093.12285275,2110.353412920371,2009.3737921949669,2021.4836943820744,0.0574037,0.05809210468083,0.05529456,0.05563860850049
2021-04-05,59057.87896588,59891.2969082,57729.56351952324,58846.48242170335,2107.88709669,2140.122565532775,2034.16287517,2096.8942361651957,0.05969593,0.06004500009634,0.05647494,0.05741488
2021-04-06,58192.35868406,59475.40441356,57683.46483299,59268.31866919183,2118.37895913,2149.71127524,2057.60909751,2114.0953341925365,0.06445823,0.06487085,0.05810801,0.05984526302237
2021-04-07,56048.93781271,58731.14290107,55664.09428016,58194.90041270445,1971.07725542,2133.18751724,1945.44212614,2119.3519514096106,0.05902847,0.06691953,0.05765774344817,0.06449106872427
2021-04-08,58323.95357975,58338.73822544,55879.08419515454,56041.447826640535,2088.57365088,2091.5163922605943,1959.0794751824928,1968.301807378081,0.06146385,0.06173705,0.05882292702089,0.0589349468535
2021-04-09,58245.00300108,58936.37712914,57835.81047858,58199.10002117382,2072.10887563,2101.83394546,2056.1279040835752,2082.359848849531,0.06168375,0.06390982637296,0.06032076225193,0.0618154553503
2021-04-10,59793.23541009,61237.41998482513,58067.12019709,58276.23770343785,2135.9422007,2188.458735549428,2063.6879376257525,2070.72456774824,0.06384492,0.06470088,0.06084082,0.06168489691971
2021-04-11,60204.96491379,60790.55531507394,59335.61219879536,59919.35770861403,2157.65703708,2164.04683751,2120.2602609746173,2133.611641517419,0.07464893,0.07855976039725,0.06325851,0.06362811
2021-04-12,59893.45188869,61199.2513968,59674.37983686,60296.39320404822,2139.35319598,2197.13503371,2110.36896826,2161.43532512437,0.07076687,0.07496552054576,0.06898096,0.07407371251251
2021-04-13,63503.45793019,63742.28333718178,59892.86057571,59913.16720329303,2299.18778599,2314.43708305,2139.88382225,2140.552540693951,0.09344469,0.09518118565344,0.07089577165459,0.07089577165459
2021-04-14,63109.69593464,64863.0989077,61571.89271767233,63647.17817761099,2435.10501889,2448.67773857,2284.56378,2302.610025510203,0.12151736,0.14159202,0.09256314422947,0.09515555610874
2021-04-15,63314.01084504,63768.3919809713,62208.96436559,63075.19622092584,2519.11610012,2542.5317765258424,2411.670007457538,2436.0346209507325,0.18220744,0.18691524,0.12116700596784,0.12116700596784
2021-04-16,61572.78960116,63590.82761093432,60389.73819407,63314.630264421095,2431.94650379,2547.5555915605755,2324.495351487372,2524.7273562549344,0.36587002,0.43292451,0.18056127,0.18056127
2021-04-17,60683.82123331,62531.22033818,60361.35217909261,61606.30536015183,2344.89498097,2497.3851719628765,2333.68280804,2440.759248974443,0.28417344,0.37425933188951,0.23652373925767,0.36043739581137
2021-04-18,56216.18500243,60993.0574250622,52829.53592646652,60885.86072340445,2237.13702776,2361.970829659889,2011.7668021560837,2352.794966805782,0.32047533,0.34932663705429,0.24717221017029,0.28844342524945
2021-04-19,55724.26709807,57520.05477733,54368.59365508976,56314.26069666879,2166.1887655,2276.776895726864,2086.688618935159,2242.0563247002005,0.40731778,0.43127798736197,0.30907954,0.32228982252075
2021-04-20,56473.0322808,57027.43838045,53504.07609879,55681.79251073543,2330.21093719,2345.835040614011,2060.57476112,2161.9394606231303,0.31949967,0.42153446,0.27759879,0.40843477375017
2021-04-21,53906.08804584,56757.97158884,53713.6216459767,56530.507348192295,2364.75182249,2465.30723082,2238.36685078,2339.9361777965014,0.30692451,0.34696556587577,0.29711702,0.3122462892962
2021-04-22,51762.27205146,55410.2286649414,50831.48170412332,53944.94582343408,2403.53524134,2636.0307328642853,2323.133714441376,2364.7560092412537,0.26096732,0.3087565,0.25843068986895,0.30715392809042
2021-04-23,51093.65070999,52120.79164545,47814.69010364,51546.93337538,2363.58620073,2434.286936372168,2128.1591712,2392.85220922,0.24850933,0.26835333185606,0.17631799,0.26046539
2021-04-24,50050.86821565,51004.63035347,48821.05673476597,50973.10583244545,2211.62580802,2357.137762264468,2163.6931872843943,2357.137762264468,0.27021226,0.28846678,0.23071020220732,0.25168531
2021-04-25,49004.25326318,50506.01909839069,47239.50200053,50119.333385034806,2316.05965928,2353.25636841124,2177.27088640735,2219.116796094931,0.25111084,0.28760212618841,0.22842875169492,0.26979998937248
2021-04-26,54021.75478737,54288.00215536965,48956.65142776,49077.79236301885,2534.4817987,2534.4817987012525,2311.72410539,2319.4780886493336,0.27067449,0.27970302,0.24841481,0.25124008880109
2021-04-27,55033.11801332,55392.5666002244,53319.18665411,54149.23128038,2662.86524559,2665.62885336,2487.37105732,2546.23233522,0.2721883,0.2794731627052,0.26502716014388,0.26999398
2021-04-28,54824.70489507,56167.90743851,53904.49455674,55036.63741946691,2746.38005291,2752.85211432,2564.08145904,2664.685564515408,0.32368163,0.33397683,0.25623111,0.27227262702277
2021-04-29,53555.10849133,55105.55952596,52418.02844504,54858.09149222077,2756.87699416,2794.66381223063,2676.119504306861,2748.649711212905,0.30516938,0.32388057095481,0.29813056,0.32323236976591
2021-04-30,57750.17734563,57821.57321789902,53129.6008774,53568.663583688,2773.20713193,2793.52190245,2728.19412753,2757.734114853157,0.33756111,0.33901963,0.30309408,0.30470231972727
2021-05-01,57828.05063222,58413.13392505,57052.2741756,57701.99383978916,2945.89270802,2948.69619673,2756.353926753255,2773.9164151185246,0.39298743,0.3951671,0.32829022912179,0.33722734393664
2021-05-02,56631.07741255,57902.59217082,56141.90651506,57825.862819547925,2952.05605494,2982.3561499,2861.94624241463,2945.5600999059325,0.3760461,0.39952717,0.36510037,0.39108719184958
2021-05-03,57200.29122289,58973.30843091264,56598.87388908,56608.90603921248,3431.08613981,3448.51058022,2952.58213584713,2952.58213584713,0.44170671,0.4446914,0.37514352330404,0.37514352330404
2021-05-04,53333.53775274,57214.17876120967,53333.53775274,57214.17876120967,3253.62947001,3519.90355923,3212.06365851,3431.13167849096,0.54133438,0.60599787,0.40487625401716,0.44027394233477
2021-05-05,57424.00594813,57911.36359718,53366.35212894899,53366.35212894899,3522.78318978,3534.11081482,3235.2613437066548,3241.601916214147,0.65763288,0.69289125554031,0.5494393,0.54994212
2021-05-06,56396.51416376,58363.3146181,55382.50610418,57441.30708417248,3490.88045894,3595.6563467,3386.239927434437,3524.9309122643226,0.58080387,0.66015625,0.54510206,0.65284240749281
2021-05-07,57356.40187692,58578.22645483,55321.84671038,56285.35491314698,3484.72889546,3806.92762652,3370.26206077,3483.0526209924888,0.68477698,0.72364751797068,0.52034187,0.58293001
2021-05-08,58803.77580865,59456.42166382336,57026.95121498,57328.33848421102,3902.64773368,3949.17221979,3462.24769739,3475.7092610296045,0.63643918,0.73643462,0.60816772,0.68850405425692
2021-05-09,58232.3161419,59170.88627159,56514.98976958886,58941.20484382538,3928.84470583,3976.32368284,3748.011688556704,3892.916894750462,0.57007049,0.69762489,0.42986340544346,0.62773021
2021-05-10,55859.79754454,59452.21243981,54567.89474430125,58341.14336236076,3952.29387234,4197.473276568985,3827.83614197,3924.428022480778,0.44996367,0.56706188,0.431116,0.56579933921778
2021-05-11,56704.5730585,56872.54492059,54608.65245902,55665.35885374,4168.70104865,4173.86515873,3783.8894735721774,3923.29286461,0.49523086,0.53940555,0.44569996509085,0.44740534
2021-05-12,49150.53387514,57929.58916922,49150.53387514,56622.21794136172,3785.84860304,4362.350541795116,3785.84860304,4158.902064392533,0.38537602,0.51677727265415,0.38537602,0.49254240440782
2021-05-13,49716.19160254,51298.4064847,46980.01875184,47376.08229875254,3715.14846639,4032.56353879824,3561.10839537,3621.364035679577,0.49037394,0.51946094793244,0.36628926,0.37913715800208
2021-05-14,49880.53342038,51405.2305862,48868.57828576354,49954.57383737449,4079.05745857,4166.12723886,3733.02751685,3733.027516852344,0.55960438,0.58890266190241,0.46769805,0.49486119
2021-05-15,46760.18656071,50605.70661996,46716.0282244792,49842.769850169214,3638.12204192,4129.18552263,3638.12204192,4067.595611755669,0.50797205,0.56191305669402,0.49129942,0.55536705569648
2021-05-16,46456.05847448,49720.04462247967,44050.71157677,46716.63798758626,3587.50620646,3876.5080821058577,3365.88156749,3641.83069792845,0.51489521,0.54324735,0.46336516099913,0.50790986067739
2021-05-17,43537.51138918,46394.33582489831,42323.06536422252,46394.33582489831,3282.39779583,3570.349431192388,3143.249231774783,3570.349431192388,0.48789165,0.51522146,0.46302053,0.51360085205511
2021-05-18,42909.40092517,45812.458407917606,42447.8949387586,43304.309135032025,3380.0700925,3562.46515966,3253.22983808,3253.229838084549,0.47611501,0.51166454,0.47038424,0.48307583
2021-05-19,37002.4404659,43546.1164845,30681.49691177651,42635.41490205465,2460.67920048,3437.93578796,1952.4602320265903,3362.9458904198545,0.33312345,0.47893992,0.23596411,0.47394005616981
2021-05-20,40782.73826245,42432.34375270053,35050.61582451,37261.46739147624,2784.29415835,2989.0627582101697,2171.990023956764,2489.5604179836755,0.40019368,0.43279056637101,0.29625272,0.3371409744373
2021-05-21,37304.69067136,42172.17361572,33729.4259332,40949.99588253,2430.62138539,2938.2050838215487,2118.70692123,2814.29145113,0.35938192,0.41197455,0.31476616051309,0.4034031
2021-05-22,37536.63111241,38733.85045146536,35563.31592336,37464.63322717852,2295.70565666,2483.98311416,2170.7946665785685,2433.300626933816,0.34237123,0.35804919,0.32105139,0.35689180069711
2021-05-23,34770.58362292,38265.75298743,31227.33943257,37026.24569859,2109.57985208,2384.41169702,1738.07816464,2273.75808719,0.30807063,0.35060435,0.24943722,0.33834063
2021-05-24,38705.97863723,39740.37991156239,34564.98784463,35284.60915604,2643.5909947,2663.821117806211,2090.639573663497,2145.73366171,0.36616223,0.36910067,0.29678333829946,0.31036656
2021-05-25,38402.22385137,39769.58228314,36613.28771361,38994.09097433304,2706.62898111,2750.5349791866533,2399.10090488,2660.40292307493,0.34630195,0.38001017,0.32548923071632,0.36736985
2021-05-26,39294.19738214,40764.89315336,37905.83485359589,38392.62365581688,2888.69868104,2911.73570619,2652.094509652497,2707.0527404174472,0.35369307,0.36584949494632,0.33930007,0.34639615973467
2021-05-27,38436.96853505,40379.61767161,37247.90367644,39219.5575248562,2736.48858585,2884.368747057714,2642.60784134,2884.368747057714,0.33294531,0.3525486838376,0.32814405,0.3525486838376
2021-05-28,35697.60639024,38792.49306851788,34826.3611529499,38180.28938043607,2419.90629016,2757.8352277,2341.00746404,2717.2521165898565,0.31120487,0.34509566,0.30151795,0.3299204
2021-05-29,34616.06800347,37181.08961692315,33705.22163144,35854.82401391165,2279.51417661,2566.173168833158,2212.3261197727534,2419.0718916420983,0.30310971,0.31791850383505,0.28179254650109,0.31019336399496
2021-05-30,35678.12920411,36336.05230631492,33523.91805439,34548.47412069368,2390.305302,2462.707987428628,2191.3357731,2274.474458337667,0.30222359,0.3103243396821,0.2883156,0.30162534093621
2021-05-31,37332.85368874,37461.41772374,34249.67854666,35547.22905314824,2714.94534372,2714.94534372,2281.670594256745,2374.032571546174,0.32581045,0.32872147,0.29461986,0.30061205758539
2021-06-01,36684.92451667,37830.67964274,35787.08596532,37435.5415940766,2633.51841662,2735.401184617533,2533.80810868,2723.1601610571875,0.37007655,0.38235404320347,0.31289379462514,0.32722350797824
2021-06-02,37575.17957566,38231.3391761,36036.40608068,36726.69539135815,2706.12497095,2798.295526,2559.73878691,2633.239676543891,0.42337353,0.44139281750992,0.35318788,0.37121511536768
2021-06-03,39208.76599489,39475.18031358149,37274.64585158949,37629.23446416674,2855.12653096,2891.2549709953178,2673.040181622819,2708.0777571161198,0.39996289,0.43965879309136,0.37881918,0.42314167084281
2021-06-04,36894.40532994,39238.03612820085,35770.216447880426,39238.03612820085,2688.19499931,2853.807998571099,2563.9478320171893,2853.807998571099,0.37632255,0.39952117540264,0.35223807706486,0.39952117540264
2021-06-05,35551.95872588,37916.752802051225,34944.51341206207,36880.155970530905,2630.57680077,2815.4278108749404,2561.100968919964,2691.619505688795,0.3721774,0.39380661072556,0.36186741677728,0.37675215063188
2021-06-06,35862.37772747,36436.4209640474,35350.22427906779,35499.1223221775,2715.09266119,2742.506462397652,2617.1649705,2623.5660801711324,0.37180708,0.37679822510765,0.36725393126242,0.37097891
2021-06-07,33560.70783776,36790.57215572,33480.64124098595,35833.18706681541,2590.26330395,2841.545053923657,2583.995219053615,2721.686812957565,0.33104994,0.37967759459705,0.33090240134435,0.37139422
2021-06-08,33472.63174808,34017.37251462,31237.517145100654,33589.52085634666,2517.43862412,2620.8462685,2327.80172759298,2594.602349839133,0.32768651,0.34009343,0.2995528,0.33182177391581
2021-06-09,37345.12148619,37517.8359444,32475.86603066,33514.4902303471,2608.26698585,2623.060876832111,2412.19780237,2520.206576388593,0.34333093,0.35259532,0.31313147,0.32776239
2021-06-10,36702.59937466,38334.32544308059,35847.5936407,37513.86164307295,2471.51867508,2615.83280377,2435.40156701,2615.832803768185,0.3263507,0.34398784,0.32332874,0.34398784
2021-06-11,37334.39952553,37548.80487692,36088.99051884,36485.03521792,2353.76868661,2488.97883302,2327.88071186,2458.33543782,0.31935918,0.33244288,0.31301903,0.32404789
2021-06-12,35552.51714847,37358.45519692,34764.79213196,37230.69423114,2372.48445358,2443.38394654,2265.758002588214,2344.85501222,0.31208361,0.31933176,0.30249908,0.31667475
2021-06-13,39097.86089667,39322.78021188,34864.10993969,35619.566338020944,2508.39163246,2547.36790994,2315.197112311783,2376.166668398874,0.32438177,0.3300257487182,0.30808992518804,0.31246116701746
2021-06-14,40409.93133182,40971.57572459,38777.20900661,39131.16919516,2571.00728049,2606.4329293854244,2470.17604317,2518.4948677,0.32763898,0.33629528,0.32017135,0.32646382
2021-06-15,40155.29874389,41261.9891465536,39642.58776559,40498.44781806847,2546.58802037,2635.99831525806,2518.4970986,2582.630930141981,0.32051567,0.33039185,0.31697569,0.3277718970175
2021-06-16,38347.06322666,40479.036967455424,38186.55971652264,40020.56004346242,2367.6634963,2550.73781611,2354.3505434280883,2530.267260396437,0.30776119,0.32138173,0.30620388,0.31898586014437
2021-06-17,38053.50417253,39473.44954439483,37513.3318432782,38382.31606547072,2372.00202359,2456.2870409,2315.8772833,2371.20539593292,0.30649565,0.31401057,0.30356778555579,0.30846432460235
2021-06-18,35787.24478177,38143.12630929,35270.46147999,38051.13559077881,2231.73314201,2376.58864695,2148.3866413882874,2371.663843989993,0.29347221,0.30770801,0.28072293,0.30613202753315
2021-06-19,35615.86927002,36457.796280090304,34933.06225074,35821.38968852173,2178.49913873,2278.414930258265,2168.88499272,2234.907479313843,0.28735578,0.29780315469312,0.28655033567602,0.29304886108465
2021-06-20,35698.29644336,35945.19332117,33432.07604413,35644.50569131,2246.36453295,2274.07419501,2049.96255307,2173.43921385,0.28090031,0.28888922012556,0.2564666,0.28740056
2021-06-21,31676.69373254,35687.860962114304,31299.8682985,35687.860962114304,1888.44749682,2257.340206413249,1871.3125931272768,2257.340206413249,0.17869117,0.28052883,0.16649053,0.28052883
2021-06-22,32505.6598245,33216.01422631,28993.66675158,31622.3770852788,1874.95002135,1993.1598224280444,1718.02308628,1886.667635115265,0.19103065,0.21612161242962,0.16673683,0.17868229014494
2021-06-23,33653.67025021,34700.53743209,31772.63235532,32417.6457574,1968.64475481,2038.951595484317,1827.57148248,1872.70990635,0.23538092,0.24711037,0.18097941,0.18933874
2021-06-24,34662.43589358,35152.7206723522,32385.21469567,33593.86687205,1988.45627579,2028.71377561,1887.43204576,1960.54839393,0.26278229,0.26839952,0.22253956,0.23502094
2021-06-25,31637.78005541,35380.59187869,31350.88385818525,34748.66434906146,1813.21723241,2015.31241818,1794.40042371,1995.5763822126703,0.23915293,0.28781261155058,0.23028611,0.2653955325729
2021-06-26,32186.27767093,32592.97956761078,30184.50179358,31363.23926207711,1829.23921725,1847.59099745,1719.55946366,1800.9180489831597,0.2447839,0.25479149,0.23097211,0.23541255338995
2021-06-27,34649.64458753,34649.64458753,32143.86913680723,32206.59195899776,1978.89466209,1978.89466209,1811.245864462385,1823.2660276296488,0.26444968,0.26545235,0.24121552,0.2448216129133
2021-06-28,34434.33531428,35219.89179129268,33953.57633648,34679.12222205041,2079.65743586,2138.19059727,1963.61552578,1981.386443050676,0.2568567,0.26531928,0.25158479,0.26491829051279
2021-06-29,35867.77773549,36542.11101765,34252.48489199,34400.43905866931,2160.76835244,2242.23885931,2076.2401606702965,2076.2401606702965,0.26276884,0.27440467,0.253203,0.2552377123369
2021-06-30,35040.8372488854,36074.75975718,34148.382799848325,35921.92523100227,2274.547712635421,2280.0448464919946,2093.527384645653,2166.684740284992,0.25421537020784,0.26353780329615,0.23947468,0.26353780329615
2021-07-01,33572.11765252989,35002.42385965721,32897.486329059226,35002.42385965721,2113.6055234503488,2271.755787079173,2082.3147797684514,2271.755787079173,0.24454948075537,0.25731239160769,0.23899813177474,0.25367517463111
2021-07-02,33897.04858962605,33898.2987331612,32777.353485361426,33541.50498474963,2150.0403640376267,2154.84302717177,2022.8455065705411,2108.4726619081785,0.24526381988046,0.24660233037737,0.23884833174444,0.24342529550866
2021-07-03,34668.54840182246,34909.259898828626,33415.519807527555,33836.71037851269,2226.114281961143,2237.2206647946746,2119.4439756518723,2159.6669784383284,0.24641098808689,0.24997544245784,0.24263720652399,0.24519014003106
2021-07-04,35287.77976616151,35907.09427332859,34407.17186995469,34688.59646792243,2321.724111568429,2382.081754555392,2191.963017552675,2229.080387853061,0.24648300836983,0.25227007444732,0.24342506434427,0.24617875707457
2021-07-05,33746.00245614429,35069.56003577924,33213.66103396645,35069.56003577924,2198.5824638731824,2321.389640368556,2163.0413939078894,2312.6401488407423,0.23161441968311,0.24591663897804,0.2280015835373,0.24540703168858
2021-07-06,34235.19345116271,35038.53636342224,33599.91616923923,33785.169048726166,2324.6794491692203,2346.2948743143834,2203.929994968221,2204.4069781533003,0.23442176452579,0.24139754412884,0.22984152615677,0.23190947322076
2021-07-07,33855.32688832704,34969.31057918061,33850.91409077919,34181.05348245764,2315.161975310713,2396.8663697237084,2298.441176736832,2318.8370042775427,0.22412644084223,0.23771250495878,0.22282963378986,0.23376910573966
2021-07-08,32877.37262842304,33907.90804895384,32269.2273911489,33907.90804895384,2120.026342942432,2322.403462528522,2089.782398103961,2321.0374315642425,0.20759705959759,0.22472792630796,0.20298708045629,0.22334411643137
2021-07-09,33798.01020741704,33997.97490946446,32329.24682653881,32873.366758389726,2146.692323510248,2182.774026744653,2051.066548329382,2115.5326240322124,0.21986442918601,0.2291187627695,0.19717636882628,0.20707973311193
2021-07-10,33520.519952831826,34209.07019714967,33124.625572388504,33757.75465441558,2111.403456180035,2188.5314810875884,2083.943104341288,2143.3687892897256,0.21391985270141,0.22703473780739,0.21084041339271,0.21984568479677
2021-07-11,34240.18701073801,34584.704549951704,33354.627470634776,33553.49550204055,2139.6647416134206,2172.6533911382558,2083.8036628970726,2117.5374170864907,0.21585569234873,0.2185647194417,0.21100295066744,0.21418512398977
2021-07-12,33155.84813085405,34580.63259848447,32709.096077419665,34290.32857198118,2036.7210100568152,2167.710085925199,2014.2136286202397,2138.874795793502,0.20804765078049,0.21893376523362,0.20484558633803,0.21608683224
2021-07-13,32702.025923542864,33327.10141663199,32264.119442655105,33028.17354660653,1940.0839659558544,2040.693649101512,1923.168849348079,2027.4911366763972,0.20000332281729,0.20785351055863,0.19816303152452,0.20753304567169
2021-07-14,32822.34873678376,33054.277183910206,31676.72155932634,32707.23968559555,1994.33133747244,2015.107389049619,1871.766635695949,1937.6539318256173,0.19732388941709,0.20448273252177,0.18811608983938,0.19917187665144
2021-07-15,31780.73137404212,33155.19401670348,31175.70974736496,32805.81626084852,1911.1756156804936,2036.8269529270508,1886.1004523468807,1991.640183853864,0.18488813382318,0.20083999449202,0.18078623714884,0.1978600333666
2021-07-16,31421.538453979563,32218.406612050225,31113.185490312106,31821.881050200056,1880.3829849165693,1958.032071845069,1853.5902966537128,1917.832997786092,0.17234527154359,0.18817169258839,0.17161557859809,0.18573831458414
2021-07-17,31533.06753326688,31914.401466839223,31230.829975437748,31352.421214482707,1898.825213228328,1916.5452064628596,1858.3272358304127,1871.5028345209848,0.18612457621347,0.20368969004532,0.16932773033328,0.17148055378282
2021-07-18,31796.810138247813,32398.995186481898,31237.578928022336,31507.88332931848,1895.5521368013024,1987.0932403408572,1883.012591386567,1899.660918899064,0.18223326670003,0.19457474426261,0.18088609937878,0.18664865400706
2021-07-19,30817.831656188195,31885.859932238167,30587.23237015412,31721.45103517324,1817.2966565848055,1916.118046424775,1808.386359326734,1891.157284790441,0.17355565839573,0.18346131259593,0.17094491913089,0.18132280914664
2021-07-20,29807.34767270623,30985.16512263149,29393.92074421256,30844.323970940324,1787.5107138379997,1836.998025151402,1722.0507809488463,1818.3390035777747,0.17080049691395,0.17863543283221,0.1607763347515,0.17376263467643
2021-07-21,32110.69326386669,32752.326363413653,29572.320465875226,29737.064976689337,1990.9708819905563,2025.680429125,1761.1082793059902,1782.0939784952277,0.19034875387661,0.21280056935607,0.16905286408992,0.17018199033555
2021-07-22,32313.106324771787,32512.695238547058,31745.29924352601,32040.55296914161,2025.2027841761344,2036.7086920764857,1954.29788114032,1988.4720740865173,0.19130284564852,0.19612186932345,0.18666843650978,0.18934531275642
2021-07-23,33581.55060854343,33581.55060854343,32091.5323157543,32376.644583347595,2124.7766710636106,2129.441145579222,2000.436294753835,2025.105705918981,0.1947643790021,0.1990875340903,0.1835400644911,0.19137329668201
2021-07-24,34292.44590611822,34490.39124374567,33451.30129303227,33605.55889379679,2189.2187467436283,2196.8910961757906,2109.062977903938,2114.087668114053,0.19731913045994,0.20395445295653,0.19165633978517,0.19443011627353
2021-07-25,35350.18697352736,35350.18697352736,33899.00942562941,34297.63026556516,2191.373730482792,2193.9025934174065,2110.133694584305,2187.3542377661647,0.19786368932667,0.20010509645428,0.19201706472874,0.19669731478447
2021-07-26,37337.533313403896,40452.955035905165,35287.31170979982,35346.66755700575,2233.366623515425,2421.212206004736,2177.3294938498343,2186.172548479957,0.20441895722772,0.23276675944734,0.1970626777937,0.1980295782921
2021-07-27,39406.94098370078,39406.94098370078,36441.72630845436,37186.27109314073,2298.333464309868,2316.665429012733,2156.270311190741,2223.8730399835804,0.20589885617073,0.20929260925627,0.19535021266398,0.20280824472121
2021-07-28,39995.90646862352,40809.93532131807,38984.38382686115,39451.86417057083,2296.54549893172,2341.7777577112006,2250.9139435629195,2301.7776683173984,0.20539162690348,0.21320684721481,0.20239752141653,0.20618124286089
2021-07-29,40008.42084653022,40547.36427814526,39414.71951671351,39886.74720640634,2380.956753438292,2396.4518911751243,2274.93625274098,2290.569296426102,0.20461877431625,0.20624005364281,0.20071573559694,0.20496792879985
2021-07-30,42235.54770873762,42235.54770873762,38397.354509901525,40013.83334573425,2466.961510711248,2469.704774356177,2322.337052047896,2383.9407387612505,0.20882050616034,0.21023866758623,0.19653486374371,0.20487999367485
2021-07-31,41626.19567623687,42142.50558710026,41165.00234142056,42142.50558710026,2536.2100347495343,2550.4244614177624,2424.92812653124,2453.524860150664,0.20831411383552,0.2135476119086,0.20489664508206,0.2089845858831
2021-08-01,39974.896025942806,42502.82201353514,39540.94008121166,41268.09947149292,2561.852152655992,2692.2217144561305,2521.252529497068,2521.252529497068,0.20443723701664,0.21754612869891,0.20138948321014,0.20684745815534
2021-08-02,39201.94518899549,40414.35334146563,38783.87849883066,39842.65721786744,2610.153422272111,2661.680087623296,2516.3058972477447,2551.967128595004,0.20359977474092,0.20995925067197,0.20233773800816,0.20443046328508
2021-08-03,38152.98208979941,39750.030905530446,37790.14801209156,39166.930389510686,2502.349577098778,2630.314226995204,2457.6059422576727,2605.5316023178607,0.19596680100594,0.20496799453636,0.19399207262884,0.20333725508838
2021-08-04,39747.50501675136,39927.63359859837,37661.8419310518,38139.419063139896,2724.619892907983,2762.575691375088,2465.1672669140303,2511.1237976072466,0.20149014195973,0.20298068460468,0.19483060315879,0.19692806514496
2021-08-05,40869.55432742144,41290.44160343913,37491.23691952014,39676.99315415198,2827.3289460399023,2836.204992615073,2554.205854922997,2719.0788947701,0.20097429289748,0.20231960286531,0.19475373658209,0.20119415205298
2021-08-06,42816.498968093256,43055.02981185223,39967.41233702812,40865.86692447903,2890.941728198745,2943.638216420792,2729.3089677436906,2827.503485867993,0.20468795322229,0.21070235944738,0.19871832135191,0.20095988281261
2021-08-07,44555.80066440379,44672.36715118256,42684.075444271926,42822.973241903404,3157.2387712768527,3170.0133329947407,2872.473508182962,2886.6584328472363,0.26034143491964,0.26034143491964,0.20399134543176,0.20485584431666
2021-08-08,43798.11767795804,45264.961487747794,43371.23507717063,44451.74212167068,3013.7327558337656,3184.6039714688054,2954.153608659468,3146.900144143901,0.24004496584471,0.27919419809971,0.236122883882,0.26231778307123
2021-08-09,46365.400650348216,46456.83291828726,42889.4841217408,43896.56191846269,3167.856223036028,3185.701187464781,2900.9259169615616,3026.347315928249,0.2568968701065,0.2662651213465,0.23141030796122,0.24222317471408
2021-08-10,45585.030772307815,46503.17019779862,44705.55657644511,46274.19123473068,3141.691170231542,3223.332423108044,3061.0351255290784,3165.8956069158617,0.25732487747841,0.26279147550625,0.24567022548674,0.26024588609127
2021-08-11,45593.63593070519,46716.01903254607,45374.99667136604,45599.70402605171,3164.245045746491,3268.531536217871,3127.6788846982067,3142.830370236189,0.2652627504481,0.28222125664135,0.25672740559267,0.2574236594318
2021-08-12,44428.28846680644,46203.066945494655,43894.64809444681,45501.44697348272,3043.414340224314,3235.645387724212,2984.1670858635507,3155.6792395017533,0.26392108839668,0.29297304258668,0.25277511482553,0.26387156126811
2021-08-13,47793.3211790808,47805.11537642687,44282.41741652586,44439.69278521946,3322.21175551191,3324.671618044776,3037.675963987401,3049.0011633768595,0.28680800507019,0.28718087992353,0.26190713601324,0.26424897874887
2021-08-14,47096.94566198037,48098.68409453669,46202.17863506262,47742.218920250656,3265.4433571351296,3329.280891228645,3215.492813100828,3315.453240236043,0.29311278488874,0.29799657798328,0.27762318022219,0.2887949441559
2021-08-15,47047.00454194852,47349.193325857625,45680.60570059088,47096.66856627088,3310.5041713437868,3318.6745464086357,3122.4497009752786,3266.276052137468,0.34144116131688,0.34485457146471,0.28839618902283,0.29408615274372
2021-08-16,46004.4840786022,47998.09667927332,45700.3218682009,47019.96132369353,3156.509427280665,3331.768525929694,3141.9026697561526,3309.4220726143435,0.32071519427259,0.35080456148797,0.3117606381311,0.34016541136979
2021-08-17,44695.35761921304,47110.69480497974,44588.587906644585,45905.57562451819,3014.8460389204124,3284.33258362239,3006.2685892176964,3146.2181010139807,0.29944189974167,0.33929395559446,0.29748596595272,0.31952532702859
2021-08-18,44801.18871714413,45952.062170213554,44390.83941414963,44919.6441113187,3020.089920029215,3124.976055957771,2960.222392637383,3033.801182503972,0.30373877534027,0.3239571733464,0.28201625554068,0.30223621616616
2021-08-19,46717.57874520378,46907.56230215652,43998.31551256655,44751.43029572713,3182.702225387158,3182.702225387158,2968.817828224061,3023.2476758537264,0.31714371079086,0.31863886144861,0.29408842813805,0.30460570874053
2021-08-20,49339.17603687802,49339.17603687802,46650.70851286069,46708.79880817918,3286.9353260567027,3298.246622563861,3178.103710461558,3184.7743187441,0.32749089708757,0.3324370139165,0.31443056814261,0.31613569427855
2021-08-21,48905.49058554897,49712.9241902625,48364.46078931354,49330.17607861423,3226.083936944288,3305.447779288431,3213.4520548789924,3283.438159781944,0.31679723924581,0.32889561286979,0.31605001825735,0.32678510848512
2021-08-22,49321.65404941213,49461.3616284953,48199.94100421094,48784.7332522896,3242.1155565868835,3271.8336820508584,3142.195791086325,3222.5036473566465,0.31496294012179,0.32136312944369,0.30657716273966,0.31652808956162
2021-08-23,49546.147707289056,50477.92718124448,49144.50143063237,49351.01233558808,3319.2572737679807,3373.30520635228,3236.4470760859977,3250.9981493134496,0.31791398800356,0.32750427241371,0.31342112908239,0.3149539700526
2021-08-24,47706.11855498402,49860.95714961957,47706.11855498402,49524.00565283007,3172.456390172997,3357.008355064468,3157.287087525568,3329.918534037398,0.28873887417482,0.3194596461303,0.28081634682716,0.31861803851386
2021-08-25,48960.7872802545,49132.80476406971,47185.19500739999,47870.19151417268,3224.9151773837857,3248.72735802505,3086.114904763084,3182.258228972877,0.29222559811609,0.29611762437284,0.27999529620722,0.28963005226915
2021-08-26,46942.217868015214,49334.7463355843,46460.62956990472,49002.6418070078,3100.3254356676075,3247.7753665778528,3060.6459446640183,3229.452229556183,0.26890911663837,0.29586706879513,0.2656749489237,0.29304041340851
2021-08-27,49058.66973026242,49104.360258828696,46472.4475144277,46871.35508815312,3270.600831500573,3278.721401484492,3069.411190027143,3087.840476164824,0.2944326198644,0.29460097425208,0.26643976862708,0.26935104954909
2021-08-28,48902.40220634591,49264.67433976808,48508.43388762644,49132.78533388515,3244.40326128898,3284.845960278845,3219.311856296777,3277.815449862708,0.28562899201159,0.29917011895996,0.28327259598142,0.29562789099422
2021-08-29,48829.832599997615,49579.73125535808,48009.93656119778,48908.42697383043,3227.0027741350195,3283.2355367643386,3165.064764841834,3247.8149729252373,0.28112545317091,0.29166324744203,0.27764535702773,0.28651346190101
2021-08-30,47054.98479356398,48925.60651985166,46950.272280637146,48827.25983261414,3224.9571974905884,3343.9820501418344,3153.281941733652,3229.908660011408,0.27212449872119,0.28887253018043,0.27073927423717,0.28156229166566
2021-08-31,47166.68794545393,48146.4134303925,46777.11931598256,46975.77259633848,3433.732781177109,3456.258593594613,3199.930121274256,3227.4448139556107,0.27845330379236,0.28564800334164,0.27048804457667,0.27234353137583
2021-09-01,48847.02907417306,48912.37074609153,46573.09957845315,46909.66818471523,3834.8280054911584,3834.8280054911584,3387.4085678547744,3415.384797241521,0.2944008485719,0.29480245835255,0.27352597508939,0.27596080989804
2021-09-02,49327.72318398482,50329.68082118214,48736.03948184944,48928.18965597515,3790.9900876090906,3829.1756081842473,3730.846688514197,3829.1756081842473,0.29595541271094,0.30866576430297,0.29407333534988,0.29603687147498
2021-09-03,50025.37460545822,50956.58951844372,48457.989219001225,49288.24911200554,3940.6147367477706,4018.242679211439,3724.567351738956,3787.486534465381,0.29627334610978,0.30449416414818,0.28926697383304,0.29475363235868
2021-09-04,49944.626905675424,50544.80120915517,49572.62017432924,49925.66786919044,3887.8284903181648,3969.448739354136,3841.799255923284,3933.740492241832,0.29938788574951,0.30854496889808,0.29334195014276,0.29579747827715
2021-09-05,51753.41192620951,51838.40266296188,49544.96646916974,49967.25667388231,3952.1334968467886,3979.1865858018177,3844.084212039829,3892.189695221299,0.31452744654662,0.31470109650725,0.29685021758157,0.30062621004136
2021-09-06,52633.53620234653,52700.94145826382,51053.67850996288,51763.658700701984,3928.379437804997,3968.426483437323,3868.994448596831,3949.22472602339,0.30876531872228,0.31975057876959,0.30045122006507,0.3147903400848
2021-09-07,46811.12952948437,52850.42694945506,43285.20858868602,52635.334683976216,3426.394318425122,3944.7874981141968,3062.2224063258623,3923.981842106745,0.25374354348619,0.31102954096257,0.21652745228944,0.30849799476015
2021-09-08,46091.38930191872,47308.48682806357,44561.39446277732,46799.25620304675,3497.315123304366,3559.1212256607378,3224.76478381223,3425.974304731587,0.25711291959845,0.26295641975324,0.23486387103307,0.25391204814421
2021-09-09,46391.42297530009,47217.85335369297,44196.34538862063,46156.34220708796,3427.340185941572,3561.056834516226,3360.918845524777,3516.423448541398,0.25259562454006,0.26200227681069,0.24927658393556,0.25921042351967
2021-09-10,44883.910107198986,46990.83936292024,44358.95453989955,46448.31132305797,3211.50584011426,3509.115858085404,3158.9459159347844,3431.4968861258058,0.23998157216483,0.26162240884521,0.23657854794994,0.25315975362211
2021-09-11,45201.45898323888,45954.850863953936,44855.55753699703,44869.81513819757,3270.278124811608,3343.202206764056,3212.8991756616165,3212.8991756616165,0.24143193122179,0.24801782987059,0.23848651774843,0.23982835555107
2021-09-12,46063.270357090754,46357.28374132333,44795.177473542266,45239.05434115512,3410.134592755085,3458.386681145731,3237.788258111621,3274.2660069755507,0.25061651561776,0.25476415422621,0.23932910990974,0.24192195921708
2021-09-13,44963.07263282951,46550.158064311945,43591.32078490879,46114.1724105788,3285.511766263861,3426.502308517656,3132.456484791908,3407.8623983238163,0.2359060572932,0.25203118999095,0.22944889945287,0.25101372339099
2021-09-14,47092.49383326693,47213.51859372544,44855.33066809002,44860.2742664136,3429.169636597516,3429.169636597516,3273.630978612371,3273.630978612371,0.24070905226899,0.24148132507743,0.23396173325041,0.23396173325041
2021-09-15,48176.34639274429,48450.46846574889,46773.32654258819,47097.99812341768,3615.282616378894,3615.282616378894,3365.9130356287124,3431.2172263145185,0.24769696663623,0.24801997783523,0.23921477738384,0.24059036661212
2021-09-16,47783.35780464393,48465.25625887392,47079.55712299215,48118.57100113301,3571.2949350055046,3665.0807951661095,3489.8057446122684,3614.448561543228,0.24255475791414,0.24772064209763,0.23385911107102,0.24763448577748
2021-09-17,47267.52002306911,48155.79248135301,46854.59326728548,47771.00310765417,3398.538777821521,3588.175003177286,3356.4499688579,3569.568209523521,0.23992992548344,0.25881910680488,0.23832935546115,0.24209795875069
2021-09-18,48278.36351532978,48757.32107256446,47111.39875081815,47315.576417655626,3432.018234624032,3536.881434294756,3373.488136576424,3400.509945896812,0.24138616926771,0.24714749669801,0.23822762752128,0.24022295336043
2021-09-19,47260.21733146774,48266.34377995286,46974.14762947634,48251.8481389556,3329.447894898392,3447.529196411484,3292.314759595957,3430.100163612734,0.23314229304833,0.2412853460888,0.2316858880127,0.2412853460888
2021-09-20,42843.80244093855,47269.41297512901,42648.80186055071,47266.23046575773,2958.993504728316,3338.1350557193787,2951.1514424642155,3338.1350557193787,0.2070708748853,0.23296340809558,0.20051769567933,0.23296340809558
2021-09-21,40693.67719158998,43546.99802277304,39876.49066980374,42946.802037848895,2764.431130864969,3096.055621567084,2709.145146601373,2973.014827385275,0.20102730068137,0.21809412419086,0.1982393032907,0.2082351187763
2021-09-22,43574.50943280896,43961.30379603975,40677.95483393797,40677.95483393797,3077.867980527073,3086.5539172807544,2746.1754907215272,2763.209193081531,0.2248584211704,0.22891100365715,0.20042003066227,0.20291680441044
2021-09-23,44890.04746964758,44923.645077825306,43182.219970621096,43551.9596420578,3155.5237338611523,3167.512647942577,3044.350599163544,3073.2103966099626,0.22493113319457,0.22709500263302,0.21811481883915,0.22399026144764
2021-09-24,42839.75169596445,45054.55880734592,40936.55716912168,44899.57262602639,2931.669216719692,3159.6439410349244,2747.3375899351367,3152.264149588094,0.20945103463895,0.22755774209954,0.19771974759066,0.22714171553953
2021-09-25,42716.59314672847,42996.25970447862,41809.32899299065,42851.87950426713,2925.565608690162,2968.994534483784,2822.017618887008,2937.088817917284,0.208640220964,0.21260419936626,0.20511167789683,0.20967511480782
2021-09-26,43208.53910453539,43897.38764779911,40848.46165986984,42721.62866024696,3062.2653558037177,3112.529522610578,2745.12689162435,2926.343126251616,0.20496168895855,0.20906825153766,0.19462320670179,0.20872981125788
2021-09-27,42235.73184664342,44292.84640694723,42235.73184664342,43166.10872147024,2934.1387982985507,3161.294919725965,2934.1387982985507,3059.2575242019134,0.20026162031457,0.20908859391705,0.20026162031457,0.20505064942288
2021-09-28,41034.54466522939,42775.14614153188,40951.49474150878,42200.89661383886,2807.296739771248,2970.770486337218,2794.711770184043,2928.9632928602737,0.1968035217766562,0.2025788930917149,0.19646895683107,0.20000065142485
2021-09-29,41564.36348149087,42489.7826009376,40890.54225668144,41016.67597205149,2853.1433729158744,2946.881283102158,2787.809849484149,2806.4046039568325,0.198875733491002,0.2040172519764727,0.19526649492909,0.19662592563974
2021-09-30,43790.89562548486,44009.01271874718,41472.576973988456,41573.26887068923,3001.679051738826,3046.5194210921704,2843.187109292258,2857.0998635550395,0.2042437784090887,0.2055355674594433,0.1979372753709465,0.198804677656524
2021-10-01,48116.941218027736,48436.011271354095,43354.844066673264,43827.46906492275,3307.5160778952013,3329.853486697677,2978.654415166932,2999.9876365344185,0.2230101830089058,0.2241427253897941,0.20210615566854,0.20451556991437
2021-10-02,47711.48646346977,48261.57815178423,47465.49575819082,48204.73813934909,3391.694346949812,3464.8373802189926,3260.027537768024,3317.8379063468046,0.21913318787021,0.2248508693445788,0.2154933702502335,0.2231186376673843
2021-10-03,48199.95155726554,49074.565059894856,47196.38805391625,47680.02840718254,3418.3586596174077,3484.605772058551,3356.3792063375904,3390.767458943869,0.2217481479389522,0.225778803345812,0.2163534842011877,0.2188112065046
2021-10-04,49112.90128239323,49447.81127951699,47045.00374713232,48142.44669005808,3380.089200379371,3432.2931214260084,3283.448794517084,3415.0790298978104,0.2408520719564567,0.2479241982325558,0.21328444855096,0.22135115579736
2021-10-05,51514.814060276665,51839.98571963284,49095.64519977175,49231.22557807642,3518.518517366793,3541.4517053307677,3366.6481517757425,3386.392334493419,0.2520155570559433,0.2668237581318615,0.2340049225598457,0.24153045926014
2021-10-06,55361.44942960792,55558.59326739222,50526.17700398463,51416.158434031,3580.562049118014,3621.347218323282,3358.496903106424,3512.736386128473,0.2551337875485795,0.26974728732839,0.2430958282616447,0.25104959491283
2021-10-07,53805.98516429891,55338.62374457416,53525.46834628189,55338.62374457416,3587.974768107968,3649.702594342463,3483.7553504102284,3576.8145569333674,0.242923256392908,0.25673877270324,0.23960707601583,0.25434045427942
2021-10-08,53967.84676725268,55922.98102185477,53713.97199255078,53756.8311033603,3563.7592193153064,3663.392730415859,3551.622570536279,3580.5081750770432,0.2438512822322731,0.2547637972379149,0.24169188971125,0.2426276660081684
2021-10-09,54968.22445041543,55397.9434699833,53824.00015075413,53824.00015075413,3575.7168601111,3625.7467075549366,3546.418551253596,3549.8737953041928,0.2465955384572389,0.25196563325528,0.2420782350392144,0.2426194876766444
2021-10-10,54771.579183854585,56229.41732602807,54264.25638853357,54896.98513908231,3425.852852810312,3601.956681610553,3421.644428038632,3570.296769075589,0.2298049965018253,0.2486144901535409,0.22862087304132,0.2461786505230146
2021-10-11,57484.7894651936,57755.75460786102,54519.7655195754,54519.7655195754,3545.354076250341,3622.289517307744,3385.7616989573025,3385.7616989573025,0.2315034595699519,0.23938067814571,0.22552071265701,0.2269310094634562
2021-10-12,56041.0568380579,57627.87860225571,54477.97446785474,57413.86108461405,3492.5732717932847,3541.302430223492,3407.338087017819,3532.861534382399,0.2262420587023721,0.2317180198893678,0.21685207802086,0.2317180198893678
2021-10-13,57401.09752733619,57678.67307139423,54370.97322790752,56028.523987398585,3606.20158023218,3606.20158023218,3418.347639179675,3491.762540732984,0.2325719699546219,0.2337718360819349,0.22106102804671,0.22596837790478
2021-10-14,57321.52527966035,58478.735498872185,56968.03355186796,57362.67155436534,3786.0140899272646,3817.664875708897,3593.215999153917,3608.864286432666,0.2322725622392949,0.2398804981821919,0.23178074420578,0.23303150538678
2021-10-15,61593.950060618336,62626.1688424093,56900.943635963136,57265.75766430332,3862.634765441386,3892.524044984245,3738.501744377424,3783.171613323338,0.2337817212676709,0.24346928656041,0.22574955914104,0.2321761834304011
2021-10-16,60892.18069270075,62232.25710155155,60243.73424484727,61495.40904254683,3830.382149137101,3960.2161000694136,3807.4451625075926,3860.382253196233,0.2372918949341951,0.24409641207484,0.2342825394160304,0.2344587268408358
2021-10-17,61553.61738469951,61618.821612290725,59471.937859999925,60887.65305206833,3847.104595476458,3908.257811269129,3692.4656636214977,3829.858809861059,0.2378976348012103,0.2419729205175996,0.22780420866005,0.23719252653446
2021-10-18,62026.07783109295,62519.72828173439,60290.32468329629,61600.06354152236,3748.7601406390168,3886.879685471344,3704.51840928532,3857.187488703281,0.2472809397122518,0.2713939994581761,0.23752424423919,0.23849575218112
2021-10-19,64261.99119285591,64423.51166332325,61622.93371791293,62037.43155522103,3877.650974521031,3882.632291231421,3737.088808157405,3750.260384466376,0.245788216092703,0.2538080791756761,0.2409440681852845,0.24748920926544
2021-10-20,65992.8370361176,66928.67150387449,63662.73918169943,64330.36813606205,4155.992210901629,4167.472406975284,3833.918332284998,3892.518181966813,0.2540929866704694,0.26155454087886,0.2423835779783916,0.24549524931953
2021-10-21,62210.17307563477,66561.129082853,62210.17307563477,65926.60858353143,4054.322680585032,4366.088358959101,4032.483887668229,4153.691649648232,0.2423910522336411,0.2576848475754602,0.2422732936499949,0.25393788141447
2021-10-22,60692.26443309548,63715.02168235672,60188.56155830582,62424.95123626813,3970.181904126345,4160.152470738005,3915.0440260700498,4084.1797411896255,0.2442209099226664,0.25184833664681,0.236798799211116,0.2435820810344085
2021-10-23,61393.61719151695,61731.55913322352,59826.52173833968,60694.62797663025,4171.663531678276,4171.663531678276,3944.631774056944,3971.356462061914,0.2517325266824333,0.2531402972345331,0.24158929799688,0.24451435709575
2021-10-24,60930.83644217956,61503.060152646256,59713.46301080582,61405.28294330346,4087.903005026591,4185.729250896637,3968.874643391458,4181.738884861507,0.2770480478952809,0.2818792887701907,0.2460281048488319,0.25105604373051
2021-10-25,63039.8255141733,63729.32570805201,60730.30387907891,60976.23745724408,4217.876926221948,4232.552568172088,4072.063346535037,4082.549531461336,0.2647069586212902,0.278905087683319,0.26093404883262,0.2747891575965789
2021-10-26,60363.79205035724,63229.02640452481,59991.16068671486,63063.50977389489,4131.102002775296,4289.076511877931,4106.823900359843,4218.4696759057215,0.2557316540359584,0.2739345929775784,0.25422573304578,0.26528492978124
2021-10-27,58482.387940045504,61435.18459666256,58287.95501205558,60260.236067624086,3930.257245047123,4297.854173049069,3930.257245047123,4127.929507103043,0.2376896335553348,0.2632141546495905,0.2214830350408602,0.2549441080341904
2021-10-28,60622.13670884834,62026.51847270741,58252.83628312947,58526.45164920754,4287.318631928624,4287.84600032358,3905.7061144461127,3932.6999346037815,0.3004465082571472,0.3388429249761219,0.2336942608967843,0.23862352447079
2021-10-29,62227.96459381882,62927.60964090372,60425.76602576336,60711.62952253866,4414.7466822498345,4449.488538749157,4275.444518165008,4295.758763538864,0.2878526717375301,0.30630795795333,0.27977108441089,0.30401456551304
2021-10-30,61888.8312190326,62215.34190055887,60918.38528402914,62215.34190055887,4325.650366005572,4416.265320765619,4258.469030209189,4416.265320765619,0.2683449599365762,0.29464701171059,0.2599876909862348,0.2859615207745236
2021-10-31,61318.95776660599,62386.965338089714,60211.022724054994,62166.971669998034,4288.074452472309,4391.140058618607,4181.683806371005,4328.813186994773,0.2802444481400621,0.2846519635983116,0.2542580163808662,0.2674444789732129
2021-11-01,61004.40802134929,62419.00478547046,59706.38521704065,61320.44949159524,4324.626793776302,4372.520985148571,4160.966843056112,4288.217469657601,0.2717277677790152,0.2849820886594853,0.2646583293432185,0.28012267819269
2021-11-02,63226.40109708796,64241.81264572346,60718.57012337106,60998.76180631687,4584.798668356236,4598.316473732183,4289.402235699741,4327.088452039932,0.2731213182933622,0.2798597923778951,0.26768166470259,0.2717804674125297
2021-11-03,62970.047426018544,63501.04346317899,61720.893676254,63349.81324175358,4607.193607027514,4656.576735344381,4464.676198266061,4598.199972241771,0.2694067854870219,0.2769915876412318,0.26411706100787,0.274205858196445
2021-11-04,61452.2305873208,63088.772241669256,60799.66247532921,62898.69055918108,4537.324081282544,4604.77179458029,4428.023819594603,4597.77698540572,0.2632803240593549,0.27086490545032,0.2547112273828066,0.269780875218426
2021-11-05,61125.67426890355,62523.17644646824,60857.14346268634,61460.07904015772,4486.243405210834,4568.065148538909,4453.662407676306,4537.423370497416,0.2614653443562379,0.27078873596482,0.2578878879186184,0.2636548066702
2021-11-06,61527.481793398685,61560.305079450176,60165.2548677901,60993.10886542451,4521.581082805599,4530.996952895611,4338.409873420372,4471.435965459714,0.2618981156965815,0.2671605877182511,0.25052114189029,0.2608804279579619
2021-11-07,63326.98902809924,63326.98902809924,61432.48911421684,61528.19771512486,4620.554502947623,4640.334510831632,4511.664388022221,4516.235140530695,0.266314610052099,0.2692554875255786,0.2589669546002059,0.2615295162239503
2021-11-08,67566.8300878775,67665.90163720024,63516.6611055044,63516.6611055044,4812.0876135348,4822.363241738584,4624.581604737174,4631.72852170489,0.2823585495564659,0.29468297266569,0.2650809234131619,0.2669267035520322
2021-11-09,66971.82809746113,68530.33968606162,66382.06100821143,67464.50292407954,4735.06875501077,4831.584892797038,4718.039256083091,4803.076482845787,0.2735264977960857,0.289376438845256,0.272854444591,0.28138400377586
2021-11-10,64995.22939074326,68744.03136390173,64200.5051410832,66975.43010060921,4636.174213813707,4858.822184732165,4544.087572858826,4733.533302968367,0.2557085341801267,0.2765565704930515,0.2455853024763178,0.27362700989771
2021-11-11,64949.96191476004,65579.01476027582,64218.98360017583,64859.27248280932,4730.384038503774,4776.344492919886,4584.82894885685,4625.909236861305,0.2611666894551713,0.2699316619479699,0.2536438380396109,0.2550301932160281
2021-11-12,64155.94183643273,65437.17726520546,62427.08006954457,64822.3231826347,4667.115437208397,4808.738602405032,4519.151459335008,4720.316409775456,0.2594143820143286,0.2666774692290987,0.2504824718659497,0.2609721530547779
2021-11-13,64513.12433579376,64915.67487503434,63358.318873998665,64158.122680802655,4653.499248911994,4702.115087106511,4585.324151323184,4666.7191451080525,0.2619347181641196,0.2620193551083611,0.2546456532254327,0.2596181074543865
2021-11-14,65466.8410240344,65466.8410240344,63647.80824724336,64500.12934011567,4626.359125987281,4689.842945619325,4517.255016608274,4642.666770709033,0.2629115050340714,0.2699146755732492,0.2604604229382128,0.2611874715629333
2021-11-15,63557.87151837094,66244.63796193391,63553.96080867981,65521.28934209624,4557.503790450761,4764.221615017506,4547.574871212455,4627.091016546189,0.2565289421417892,0.2651698904823364,0.2563668789553843,0.2628700169063609
2021-11-16,60161.2470371667,63190.08198656026,59083.86641577067,63190.08198656026,4216.365232950796,4535.208611329736,4151.675765175905,4535.208611329736,0.2372493049128915,0.2554433958095737,0.2285885156625094,0.2554433958095737
2021-11-17,60368.01181676493,66304.29541382003,58515.409892466094,59967.23054315161,4287.593935491242,4287.717787250987,4087.282008621814,4208.244890718071,0.2374872950789789,0.2404719986399908,0.2306679512444535,0.2365658908219118
2021-11-18,56942.136244057234,60896.748249615455,56550.79164360376,60343.75771848399,4000.650865138054,4343.556958660463,3959.227789926392,4288.437092369891,0.2213826361881687,0.2410909673017447,0.2176925605902273,0.2376040604683506
2021-11-19,58119.57619379246,58351.11326592489,55724.759674579465,57045.03295488992,4298.306619546578,4310.918521747938,3987.9305413764673,4006.5855766087984,0.2331099459900067,0.2366805408999046,0.2167386113971764,0.2216933783895518
2021-11-20,59697.19713425886,59833.87342472572,57540.1373981726,58115.08034646973,4409.930925059553,4433.157147319078,4217.278339772609,4298.350553082865,0.2330239327841282,0.2359532058351961,0.2254830523822314,0.2331740356488645
2021-11-21,58730.47663865068,59930.98566761092,58618.9314315245,59703.26617501365,4269.733033786718,4419.919680480049,4258.781202301458,4410.3776348497095,0.2263282245898278,0.2328775291746306,0.2256798535175407,0.2328775291746306
2021-11-22,56289.28732263856,59266.35846818997,55719.59995233647,58663.27366187694,4088.457816555594,4302.023111890355,4035.093460585534,4261.728769095612,0.2196756637985271,0.2275308357916892,0.2172355699620211,0.2257141750553691
2021-11-23,57569.07487572713,57851.098225391936,55736.91754144054,56309.65291900603,4340.763727469722,4385.483455002561,4069.766581349051,4080.1309701782775,0.2265123788134882,0.2340795388954591,0.2147763150823703,0.2196916633048527
2021-11-24,57206.36708198955,57803.06652501975,55988.15460648196,57689.53409514029,4276.035727758975,4376.875776492433,4177.957172736389,4372.6364026739375,0.2173321485498467,0.230244516760083,0.212093447022186,0.2273124127155111
2021-11-25,58927.890687830026,59339.10745279243,57105.50176432036,57203.52626141564,4519.464023606058,4550.517892603041,4252.764925713604,4271.334712201907,0.2209932322298878,0.2284734043470939,0.2146478623478871,0.2169698030076043
2021-11-26,53569.76396309677,59183.48147055832,53569.76396309677,59043.95687431603,4030.909010759338,4550.842251357139,3933.5064907621377,4531.652188594716,0.2008872284840488,0.2214548685942929,0.1944156153048404,0.2214548685942929
2021-11-27,54815.07930492795,55278.488924402816,53741.32647471716,53788.100860841936,4096.912087999504,4183.617227706198,4039.7853629837023,4051.50407509702,0.2053468673526336,0.2096127365605423,0.2016203032980868,0.2021979263271363
2021-11-28,57248.45837582401,57393.84375116775,53680.466520887545,54813.024701786526,4294.453696226046,4296.864380011197,3995.281552334786,4101.648806774799,0.207472298288699,0.207472298288699,0.193643726898766,0.2052953163278088
2021-11-29,57806.56621525592,58758.66014589236,56856.36956339931,57291.904734500975,4445.105007840686,4458.878296566843,4288.870364110223,4296.946820336571,0.2151752376176299,0.2231891888365224,0.2033126746525994,0.2074435712158885
2021-11-30,57005.42547359979,59020.32859041567,56089.48338318785,57792.23150110759,4631.478795336078,4735.379577275147,4359.853335909891,4442.159126745228,0.2147145116193142,0.226889794798396,0.2132511358684691,0.21587882065916
2021-12-01,57229.82989944917,59039.431693652026,56553.08077446836,56907.96673382658,4586.990131490521,4777.826422082914,4530.27258048268,4623.67944420151,0.2094869624870236,0.218296828357389,0.2063914595631153,0.2144867955757936
2021-12-02,56477.8174777821,57349.23497932623,56025.93037452505,57208.95636620083,4511.302487650801,4627.591618706649,4443.81079952819,4576.504375241363,0.2097263922287326,0.2225572670244577,0.2026787299718578,0.2094805544623449
2021-12-03,53598.24647029791,57482.16926596985,52709.223755085884,56556.59995142697,4220.7059283582,4647.289265974768,4110.970126070666,4518.748352874328,0.1999926976119676,0.2116247941365919,0.1956080156686541,0.209629116005327
2021-12-04,49200.70461743719,53904.67951179671,45032.94649533424,53727.87808734998,4119.587349955657,4241.189771915071,3632.564209593977,4227.761964504613,0.1788532393108411,0.2005091940110104,0.1346414900188303,0.2003557909066844
2021-12-05,49368.84709922548,49768.14897629845,47862.82103157107,49408.49200697922,4198.32287254029,4241.05704877519,4041.505063533848,4142.3399525802015,0.1712548381414901,0.1811160284112589,0.1632075185990227,0.1795650545607034
2021-12-06,50582.62539664405,50874.79120682285,47281.03537975852,49425.57863389744,4358.737544663119,4369.486090575164,3934.724213886336,4196.513914696538,0.1784004470755916,0.1800399339167446,0.1595576026041164,0.1710044474349572
2021-12-07,50700.08433648292,51919.69310761185,50175.80752105663,50556.47217272638,4315.061543208152,4428.589247981659,4264.323633003488,4357.905447188248,0.1768054803808502,0.1829256737958095,0.1755155246964854,0.1782347716429264
2021-12-08,50504.795538708415,51171.37531040532,48835.50162799107,50667.64768306087,4439.357704032381,4453.112302138106,4240.257519532127,4311.674296472863,0.1791508541947794,0.1821676878901908,0.1729532089954881,0.1766086201775591
2021-12-09,47672.12239108743,50776.26874493024,47409.176927103086,50458.42508924407,4119.81579811935,4482.314098365039,4083.29882969842,4434.777159150638,0.1694842229314797,0.1817583930560087,0.1694842229314797,0.1790041178026838
2021-12-10,47243.30568491641,49899.292113817246,47243.30568491641,47597.63220993914,3908.496188500853,4218.155126018658,3908.496188500853,4114.065560386496,0.1644218084845664,0.1746035759438664,0.1644218084845664,0.1699594626720101
2021-12-11,49362.50833645898,49441.027005769705,46942.347820725285,47264.6347033978,4084.452328572133,4095.648524821426,3846.054477279807,3909.667775319173,0.1690187431935765,0.1699493070984447,0.1618167793609664,0.1644986747493151
2021-12-12,50098.33513638934,50627.92528687183,48729.334290319166,49401.40175945772,4134.45333147928,4173.608902806296,3993.055999935264,4089.667347302217,0.1698906563738896,0.172899459498481,0.1658989218560034,0.1690900059220198
2021-12-13,46737.482243749975,50189.7530333956,45894.84739484313,50169.335763977295,3784.226787869269,4145.955311579591,3680.678639566464,4140.394245975121,0.1575649016108775,0.1706152204136909,0.1521165643629423,0.1704570082945282
2021-12-14,48383.86884642301,48431.39956649362,32401.16400879011,46709.8224590995,3859.709849515383,3866.259172974338,3703.219098833743,3782.822867009497,0.1909811463150217,0.2174772579187928,0.1555758400381847,0.1574645665405044
2021-12-15,48896.72082911439,49447.70283942063,46671.96674485966,48324.14976173345,4018.388602869822,4159.3992670432135,3665.097590180224,3860.243626311073,0.1810821929466666,0.1899179809714282,0.1714184982972141,0.1895335830146097
2021-12-16,47665.42607788397,49399.92657305572,47556.108165475125,48937.71537978416,3962.46963859269,4109.04346798084,3957.3712356717983,4029.707930617285,0.1734544632324435,0.1846968110423298,0.1732348294371183,0.1813913876772824
2021-12-17,46202.14337914699,48004.89375037717,45682.03832833927,47634.83044343119,3879.486676573473,3992.196422252272,3715.7183459155262,3960.83797918216,0.1690098302064913,0.1765585656043775,0.1622681602263253,0.1732782600751722
2021-12-18,46848.7767655561,47267.143017174814,45671.60413876047,46214.4473849416,3960.86001596082,3991.995855243278,3781.392405574289,3881.995691665435,0.172399976700988,0.1748697487933256,0.1662437254923182,0.1689949301152003
2021-12-19,46707.01487699963,47981.577512069096,46529.752610519055,46812.82558283322,3922.592644365898,4018.65849635624,3894.731200911122,3954.899914541663,0.1695760785849127,0.1741586912874535,0.1694732701339834,0.1722555022162369
2021-12-20,46880.27896372307,47401.71794820032,45601.17490097833,46702.12000254061,3933.84453173092,3978.591764426699,3762.318389449112,3928.076779484495,0.1673219315729974,0.1708193316972246,0.1614985497593155,0.1695260915156611
2021-12-21,48936.61415144679,49300.91970607458,46739.7771552172,46947.66837635216,4020.26003953055,4058.8212844654313,3919.316873790518,3959.222161362769,0.1711752967578,0.1723400721599848,0.166120886573654,0.1672260609803179
2021-12-22,48628.50992513397,49536.39781561185,48450.93972971039,48975.78151004089,3982.09953065242,4070.666879758732,3947.859394663639,4025.653223333025,0.1732135633994197,0.1791048064761983,0.170076657283004,0.1715822210487273
2021-12-23,50784.5381788605,51332.340378308974,48111.93370044527,48626.343782202304,4108.015512459437,4149.026681130235,3903.3557062257705,3981.961587154014,0.1844903875529726,0.1844903875529726,0.1717397666443589,0.1732087425187515
2021-12-24,50822.19652323034,51814.02850549826,50514.49429089663,50861.36467053524,4047.982888819954,4132.437640602625,4029.974996188519,4117.698642155468,0.186621672724921,0.1952896241551599,0.1799701361576849,0.1836674932408006
2021-12-25,50429.8577970562,51176.5987876064,50334.72285338464,50832.55586831803,4093.280911135583,4137.764966559894,4030.328281760296,4046.9323767969,0.190657279983994,0.1947748119416349,0.1857103815746513,0.1864877888771619
2021-12-26,50809.515012889526,51196.377286971096,49623.104207223216,50450.29772045583,4067.328096647009,4104.738715828871,4013.079082609361,4093.2805808074304,0.1900197804768185,0.1924831930533694,0.1856463826719633,0.1909939157450652
2021-12-27,50640.41880437812,51953.62541576548,50499.46867595765,50818.73333019418,4037.547692242496,4125.163765254652,4033.7378998769054,4065.7613862719504,0.1877054251791764,0.1929227852128914,0.1872620634578118,0.1901876048033932
2021-12-28,47588.85477745916,50643.31409534556,47457.36012479642,50643.31409534556,3800.893085340275,4032.1755644883833,3774.3652436469415,4027.251053130544,0.1741169936408047,0.1874254982044065,0.1731275332848378,0.1874254982044065
2021-12-29,46444.71049053977,48101.584301343326,46313.45408497432,47625.85048436805,3628.5316708250143,3827.8128402409034,3623.2593649257456,3801.717846044063,0.1677653479698113,0.1773392007875962,0.1670724206036767,0.1746033704590782
2021-12-30,47178.125843439775,47871.65588408178,46073.53273200249,46490.6060493554,3713.852162569856,3767.5598700983696,3595.2048825948127,3632.219817177908,0.1713133587523249,0.1756080622154539,0.1653812622311538,0.1681374753779607
2021-12-31,46306.44612269956,48472.52749022501,45858.99088662592,47146.10355190795,3682.632905443364,3806.884255751244,3636.869897476039,3710.766462792943,0.1704961860008305,0.1752940481248926,0.1673073882743149,0.1711123920816144
